CUSIP,SecurityType,SecurityTerm,AuctionDate,IssueDate,MaturityDate,Price,HighInvestmentRate,HighPrice,HighYield,InterestRate,LowInvestmentRate,LowPrice,Series,Spread,Strippable
912810TX6,Bond,30-Year,02/08/2024,02/15/2024,02/15/2054,,,,,,,,Bonds of February 2054,,Yes
912797JH1,Bill,4-Week,02/08/2024,02/13/2024,03/12/2024,,,,,,,,,,
912797JM0,Bill,8-Week,02/08/2024,02/13/2024,04/09/2024,,,,,,,,,,
91282CJZ5,Note,10-Year,02/07/2024,02/15/2024,02/15/2034,99.243059,,99.243059,0.04093,0.04,,,B-2034,,Yes
912797KE6,Bill,17-Week,02/07/2024,02/13/2024,06/11/2024,98.287722,0.05358,98.287722,,,,,,,
91282CKA8,Note,3-Year,02/06/2024,02/15/2024,02/15/2027,99.877119,,99.877119,0.04169,0.04125,,,AK-2027,,Yes
912797LL9,Bill,42-Day,02/06/2024,02/08/2024,03/21/2024,99.384000,0.05401,99.384000,,,,,,,
912797HQ3,Bill,13-Week,02/05/2024,02/08/2024,05/09/2024,98.676708,0.05394,98.676708,,,,,,,
912797GK7,Bill,26-Week,02/05/2024,02/08/2024,08/08/2024,97.449472,0.05263,97.449472,,,,,,,
912797JG3,Bill,4-Week,02/01/2024,02/06/2024,03/05/2024,99.589333,0.0539,99.589333,,,,,,,
912797JL2,Bill,8-Week,02/01/2024,02/06/2024,04/02/2024,99.181000,0.05397,99.181000,,,,,,,
912797JZ1,Bill,17-Week,01/31/2024,02/06/2024,06/04/2024,98.297639,0.05327,98.297639,,,,,,,
912797GX9,Bill,42-Day,01/30/2024,02/01/2024,03/14/2024,99.384000,0.05401,99.384000,,,,,,,
912797HH3,Bill,13-Week,01/29/2024,02/01/2024,05/02/2024,98.683028,0.05368,98.683028,,,,,,,
912797JU2,Bill,26-Week,01/29/2024,02/01/2024,08/01/2024,97.479806,0.05199,97.479806,,,,,,,
91282CJX0,Note,7-Year,01/25/2024,01/31/2024,01/31/2031,99.342733,,99.342733,0.04109,0.04,,,G-2031,,Yes
912797JF5,Bill,4-Week,01/25/2024,01/30/2024,02/27/2024,99.589333,0.0539,99.589333,,,,,,,
912797JK4,Bill,8-Week,01/25/2024,01/30/2024,03/26/2024,99.179444,0.05407,99.179444,,,,,,,
91282CJU6,Note,2-Year,01/24/2024,01/31/2024,01/31/2026,100.000000,,100.000000,,,,,AX-2026,0.00245,No
91282CJW2,Note,5-Year,01/24/2024,01/31/2024,01/31/2029,99.753334,,99.753334,0.04055,0.04,,,U-2029,,Yes
912797JY4,Bill,17-Week,01/24/2024,01/30/2024,05/28/2024,98.286069,0.05363,98.286069,,,,,,,
91282CJV4,Note,2-Year,01/23/2024,01/31/2024,01/31/2026,99.782022,,99.782022,0.04365,0.0425,,,AW-2026,,Yes
912797GQ4,Bill,42-Day,01/23/2024,01/25/2024,03/07/2024,99.384000,0.05401,99.384000,,,,,,,
912797JR9,Bill,52-Week,01/23/2024,01/25/2024,01/23/2025,95.379222,0.04814,95.379222,,,,,,,
912797HG5,Bill,13-Week,01/22/2024,01/25/2024,04/25/2024,98.679236,0.05383,98.679236,,,,,,,
912797JT5,Bill,26-Week,01/22/2024,01/25/2024,07/25/2024,97.462111,0.05237,97.462111,,,,,,,
91282CJY8,Note,10-Year,01/18/2024,01/31/2024,01/15/2034,99.351542,,99.351542,0.0181,0.0175,,,A-2034,,Yes
912797JE8,Bill,4-Week,01/18/2024,01/23/2024,02/20/2024,99.588944,0.05395,99.588944,,,,,,,
912797JJ7,Bill,8-Week,01/18/2024,01/23/2024,03/19/2024,99.179444,0.05407,99.179444,,,,,,,
912810TW8,Bond,19-Year 10-Month,01/17/2024,01/31/2024,11/15/2043,104.269985,,104.269985,0.04423,0.0475,,,Bonds of November 2043,,Yes
912797JX6,Bill,17-Week,01/17/2024,01/23/2024,05/21/2024,98.286069,0.05363,98.286069,,,,,,,
912797GP6,Bill,42-Day,01/16/2024,01/18/2024,02/29/2024,99.383417,0.05406,99.383417,,,,,,,
912796CX5,Bill,13-Week,01/16/2024,01/18/2024,04/18/2024,98.679236,0.05383,98.679236,,,,,,,
912797JS7,Bill,26-Week,01/16/2024,01/18/2024,07/18/2024,97.484861,0.05188,97.484861,,,,,,,
912797JD0,Bill,4-Week,01/11/2024,01/16/2024,02/13/2024,99.589333,0.0539,99.589333,,,,,,,
912797JH1,Bill,8-Week,01/11/2024,01/16/2024,03/12/2024,99.179444,0.05407,99.179444,,,,,,,
912810TV0,Bond,29-Year 10-Month,01/11/2024,01/16/2024,11/15/2053,108.773246,,108.773246,0.04229,0.0475,,,Bonds of November 2053,,Yes
912797JW8,Bill,17-Week,01/10/2024,01/16/2024,05/14/2024,98.287722,0.05358,98.287722,,,,,,,
91282CJJ1,Note,9-Year 10-Month,01/10/2024,01/16/2024,11/15/2033,103.823381,,103.823381,0.04024,0.045,,,F-2033,,Yes
91282CJT9,Note,3-Year,01/09/2024,01/16/2024,01/15/2027,99.706476,,99.706476,0.04105,0.04,,,AJ-2027,,Yes
912796Z28,Bill,42-Day,01/09/2024,01/11/2024,02/22/2024,99.384000,0.05401,99.384000,,,,,,,
912797HF7,Bill,13-Week,01/08/2024,01/11/2024,04/11/2024,98.676708,0.05394,98.676708,,,,,,,
912797GB7,Bill,26-Week,01/08/2024,01/11/2024,07/11/2024,97.457056,0.05247,97.457056,,,,,,,
912797JC2,Bill,4-Week,01/04/2024,01/09/2024,02/06/2024,99.588556,0.054,99.588556,,,,,,,
912797JG3,Bill,8-Week,01/04/2024,01/09/2024,03/05/2024,99.177889,0.05418,99.177889,,,,,,,
912797JV0,Bill,17-Week,01/03/2024,01/09/2024,05/07/2024,98.281111,0.05379,98.281111,,,,,,,
912797GN1,Bill,42-Day,01/02/2024,01/04/2024,02/15/2024,99.382833,0.05412,99.382833,,,,,,,
912797GZ4,Bill,13-Week,01/02/2024,01/04/2024,04/04/2024,98.674181,0.05404,98.674181,,,,,,,
912796Y52,Bill,26-Week,01/02/2024,01/04/2024,07/05/2024,97.435458,0.05264,97.435458,,,,,,,
912797JB4,Bill,4-Week,12/28/2023,01/02/2024,01/30/2024,99.585833,0.05436,99.585833,,,,,,,
912797JF5,Bill,8-Week,12/28/2023,01/02/2024,02/27/2024,99.177889,0.05418,99.177889,,,,,,,
91282CJQ5,Note,7-Year,12/28/2023,01/02/2024,12/31/2030,99.336988,,99.336988,0.03859,0.0375,,,T-2030,,Yes
912797JQ1,Bill,17-Week,12/27/2023,01/02/2024,04/30/2024,98.277806,0.0539,98.277806,,,,,,,
91282CJR3,Note,5-Year,12/27/2023,01/02/2024,12/31/2028,99.769595,,99.769595,0.03801,0.0375,,,AH-2028,,Yes
91282CJD4,Note,1-Year 10-Month,12/27/2023,12/29/2023,10/31/2025,99.854493,,99.854493,,,,,BK-2025,0.0017,No
912797GM3,Bill,42-Day,12/27/2023,12/28/2023,02/08/2024,99.384000,0.05401,99.384000,,,,,,,
91282CJS1,Note,2-Year,12/26/2023,01/02/2024,12/31/2025,99.878444,,99.878444,0.04314,0.0425,,,BM-2025,,Yes
912797GY7,Bill,13-Week,12/26/2023,12/28/2023,03/28/2024,98.670389,0.0542,98.670389,,,,,,,
912796Y45,Bill,26-Week,12/26/2023,12/28/2023,06/27/2024,97.431778,0.05301,97.431778,,,,,,,
912796ZV4,Bill,52-Week,12/26/2023,12/28/2023,12/26/2024,95.353944,0.04841,95.353944,,,,,,,
91282CJH5,Note,4-Year 10-Month,12/21/2023,12/29/2023,10/15/2028,103.513682,,103.513682,0.0171,0.02375,,,AE-2028,,Yes
912797JA6,Bill,4-Week,12/21/2023,12/26/2023,01/23/2024,99.590500,0.05375,99.590500,,,,,,,
912797JE8,Bill,8-Week,12/21/2023,12/26/2023,02/20/2024,99.180222,0.05402,99.180222,,,,,,,
912810TW8,Bond,19-Year 11-Month,12/20/2023,01/02/2024,11/15/2043,107.169753,,107.169753,0.04213,0.0475,,,Bonds of November 2043,,Yes
912797JP3,Bill,17-Week,12/20/2023,12/26/2023,04/23/2024,98.274500,0.054,98.274500,,,,,,,
912797GE1,Bill,42-Day,12/19/2023,12/21/2023,02/01/2024,99.385167,0.05391,99.385167,,,,,,,
912797LL9,Bill,13-Week,12/18/2023,12/21/2023,03/21/2024,98.670389,0.0542,98.670389,,,,,,,
912796ZW2,Bill,26-Week,12/18/2023,12/21/2023,06/20/2024,97.406500,0.05354,97.406500,,,,,,,
912797HZ3,Bill,4-Week,12/14/2023,12/19/2023,01/16/2024,99.590111,0.0538,99.590111,,,,,,,
912797JD0,Bill,8-Week,12/14/2023,12/19/2023,02/13/2024,99.179444,0.05407,99.179444,,,,,,,
912797JN8,Bill,17-Week,12/13/2023,12/19/2023,04/16/2024,98.264583,0.05432,98.264583,,,,,,,
912810TV0,Bond,29-Year 11-Month,12/12/2023,12/15/2023,11/15/2053,106.755520,,106.755520,0.04344,0.0475,,,Bonds of November 2053,,Yes
912796ZY8,Bill,42-Day,12/12/2023,12/14/2023,01/25/2024,99.383417,0.05406,99.383417,,,,,,,
91282CJP7,Note,3-Year,12/11/2023,12/15/2023,12/15/2026,99.680564,,99.680564,0.0449,0.04375,,,AV-2026,,Yes
91282CJJ1,Note,9-Year 11-Month,12/11/2023,12/15/2023,11/15/2033,101.626935,,101.626935,0.04296,0.045,,,F-2033,,Yes
912797GX9,Bill,13-Week,12/11/2023,12/14/2023,03/14/2024,98.670389,0.0542,98.670389,,,,,,,
912797FS1,Bill,26-Week,12/11/2023,12/14/2023,06/13/2024,97.376167,0.05419,97.376167,,,,,,,
912797HY6,Bill,4-Week,12/07/2023,12/12/2023,01/09/2024,99.588944,0.05395,99.588944,,,,,,,
912797JC2,Bill,8-Week,12/07/2023,12/12/2023,02/06/2024,99.179444,0.05407,99.179444,,,,,,,
912797JM0,Bill,17-Week,12/06/2023,12/12/2023,04/09/2024,98.267889,0.05421,98.267889,,,,,,,
912797GD3,Bill,42-Day,12/05/2023,12/07/2023,01/18/2024,99.383417,0.05406,99.383417,,,,,,,
912797GQ4,Bill,13-Week,12/04/2023,12/07/2023,03/07/2024,98.672917,0.05409,98.672917,,,,,,,
912797HT7,Bill,26-Week,12/04/2023,12/07/2023,06/06/2024,97.376167,0.05419,97.376167,,,,,,,
912797HX8,Bill,4-Week,11/30/2023,12/05/2023,01/02/2024,99.588556,0.054,99.588556,,,,,,,
912797JB4,Bill,8-Week,11/30/2023,12/05/2023,01/30/2024,99.178667,0.05412,99.178667,,,,,,,
912797JL2,Bill,17-Week,11/29/2023,12/05/2023,04/02/2024,98.267889,0.05421,98.267889,,,,,,,
912797GC5,Bill,42-Day,11/28/2023,11/30/2023,01/11/2024,99.383417,0.05406,99.383417,,,,,,,
912797HP5,Bill,52-Week,11/28/2023,11/30/2023,11/29/2024,94.996458,0.05214,94.996458,,,,,,,
91282CJM4,Note,7-Year,11/28/2023,11/30/2023,11/30/2030,99.856744,,99.856744,0.04399,0.04375,,,S-2030,,Yes
912797GP6,Bill,13-Week,11/27/2023,11/30/2023,02/29/2024,98.665333,0.05441,98.665333,,,,,,,
912797HS9,Bill,26-Week,11/27/2023,11/30/2023,05/30/2024,97.350889,0.05472,97.350889,,,,,,,
91282CJL6,Note,2-Year,11/27/2023,11/30/2023,11/30/2025,99.977397,,99.977397,0.04887,0.04875,,,BL-2025,,Yes
91282CJN2,Note,5-Year,11/27/2023,11/30/2023,11/30/2028,99.800095,,99.800095,0.0442,0.04375,,,AG-2028,,Yes
912797HW0,Bill,4-Week,11/22/2023,11/28/2023,12/26/2023,99.587778,0.05411,99.587778,,,,,,,
912797JA6,Bill,8-Week,11/22/2023,11/28/2023,01/23/2024,99.178667,0.05412,99.178667,,,,,,,
912797JK4,Bill,17-Week,11/22/2023,11/28/2023,03/26/2024,98.261278,0.05442,98.261278,,,,,,,
91282CHP9,Note,9-Year 8-Month,11/21/2023,11/30/2023,07/15/2033,94.285157,,94.285157,0.0218,0.01375,,,D-2033,,Yes
912797FW2,Bill,41-Day,11/21/2023,11/24/2023,01/04/2024,99.398097,0.05406,99.398097,,,,,,,
91282CJD4,Note,1-Year 11-Month,11/21/2023,11/24/2023,10/31/2025,99.940709,,99.940709,,,,,BK-2025,0.0017,No
912810TW8,Bond,20-Year,11/20/2023,11/30/2023,11/15/2043,99.612655,,99.612655,0.0478,0.0475,,,Bonds of November 2043,,Yes
912796Z28,Bill,13-Week,11/20/2023,11/24/2023,02/22/2024,98.682500,0.05429,98.682500,,,,,,,
912797HR1,Bill,26-Week,11/20/2023,11/24/2023,05/23/2024,97.370472,0.05461,97.370472,,,,,,,
912797HV2,Bill,4-Week,11/16/2023,11/21/2023,12/19/2023,99.588556,0.054,99.588556,,,,,,,
912797HZ3,Bill,8-Week,11/16/2023,11/21/2023,01/16/2024,99.178667,0.05412,99.178667,,,,,,,
912797JJ7,Bill,17-Week,11/15/2023,11/21/2023,03/19/2024,98.262931,0.05437,98.262931,,,,,,,
912796ZN2,Bill,42-Day,11/14/2023,11/16/2023,12/28/2023,99.382833,0.05412,99.382833,,,,,,,
912797GN1,Bill,13-Week,11/13/2023,11/16/2023,02/15/2024,98.664069,0.05446,98.664069,,,,,,,
912797FH5,Bill,26-Week,11/13/2023,11/16/2023,05/16/2024,97.335722,0.05504,97.335722,,,,,,,
912810TV0,Bond,30-Year,11/09/2023,11/15/2023,11/15/2053,99.698482,,99.698482,0.04769,0.0475,,,Bonds of November 2053,,Yes
912797HU4,Bill,4-Week,11/09/2023,11/14/2023,12/12/2023,99.588556,0.054,99.588556,,,,,,,
912797HY6,Bill,8-Week,11/09/2023,11/14/2023,01/09/2024,99.177889,0.05418,99.177889,,,,,,,
91282CJJ1,Note,10-Year,11/08/2023,11/15/2023,11/15/2033,99.848482,,99.848482,0.04519,0.045,,,F-2033,,Yes
912797JH1,Bill,17-Week,11/08/2023,11/14/2023,03/12/2024,98.253014,0.05469,98.253014,,,,,,,
91282CJK8,Note,3-Year,11/07/2023,11/15/2023,11/15/2026,99.789641,,99.789641,0.04701,0.04625,,,AU-2026,,Yes
912797FV4,Bill,42-Day,11/07/2023,11/09/2023,12/21/2023,99.382833,0.05412,99.382833,,,,,,,
912797GM3,Bill,13-Week,11/06/2023,11/09/2023,02/08/2024,98.664069,0.05446,98.664069,,,,,,,
912797HQ3,Bill,26-Week,11/06/2023,11/09/2023,05/09/2024,97.340778,0.05494,97.340778,,,,,,,
912797HN0,Bill,4-Week,11/02/2023,11/07/2023,12/05/2023,99.588556,0.054,99.588556,,,,,,,
912797HX8,Bill,8-Week,11/02/2023,11/07/2023,01/02/2024,99.175556,0.05433,99.175556,,,,,,,
912797JG3,Bill,17-Week,11/01/2023,11/07/2023,03/05/2024,98.234833,0.05527,98.234833,,,,,,,
912797FU6,Bill,42-Day,10/31/2023,11/02/2023,12/14/2023,99.382250,0.05417,99.382250,,,,,,,
912797HE0,Bill,52-Week,10/31/2023,11/02/2023,10/31/2024,94.807944,0.05433,94.807944,,,,,,,
912797GE1,Bill,13-Week,10/30/2023,11/02/2023,02/01/2024,98.653958,0.05488,98.653958,,,,,,,
912797HH3,Bill,26-Week,10/30/2023,11/02/2023,05/02/2024,97.310444,0.05558,97.310444,,,,,,,
912797HM2,Bill,4-Week,10/26/2023,10/31/2023,11/28/2023,99.588167,0.05406,99.588167,,,,,,,
912797HW0,Bill,8-Week,10/26/2023,10/31/2023,12/26/2023,99.170889,0.05464,99.170889,,,,,,,
91282CJG7,Note,7-Year,10/26/2023,10/31/2023,10/31/2030,99.806484,,99.806484,0.04908,0.04875,,,R-2030,,Yes
912797JF5,Bill,17-Week,10/25/2023,10/31/2023,02/27/2024,98.236486,0.05521,98.236486,,,,,,,
91282CJD4,Note,2-Year,10/25/2023,10/31/2023,10/31/2025,100.000000,,100.000000,,,,,BK-2025,0.0017,No
91282CJF9,Note,5-Year,10/25/2023,10/31/2023,10/31/2028,99.894701,,99.894701,0.04899,0.04875,,,AF-2028,,Yes
91282CJE2,Note,2-Year,10/24/2023,10/31/2023,10/31/2025,99.896614,,99.896614,0.05055,0.05,,,BJ-2025,,Yes
912797FT9,Bill,42-Day,10/24/2023,10/26/2023,12/07/2023,99.381667,0.05422,99.381667,,,,,,,
912796ZY8,Bill,13-Week,10/23/2023,10/26/2023,01/25/2024,98.657750,0.05472,98.657750,,,,,,,
912797HG5,Bill,26-Week,10/23/2023,10/26/2023,04/25/2024,97.307917,0.05564,97.307917,,,,,,,
91282CJH5,Note,5-Year,10/19/2023,10/31/2023,10/15/2028,99.921449,,99.921449,0.0244,0.02375,,,AE-2028,,Yes
912797HL4,Bill,4-Week,10/19/2023,10/24/2023,11/21/2023,99.587389,0.05416,99.587389,,,,,,,
912797HV2,Bill,8-Week,10/19/2023,10/24/2023,12/19/2023,99.171667,0.05459,99.171667,,,,,,,
912810TU2,Bond,19-Year 10-Month,10/18/2023,10/31/2023,08/15/2043,89.352074,,89.352074,0.05245,0.04375,,,Bonds of August 2043,,Yes
912797JE8,Bill,17-Week,10/18/2023,10/24/2023,02/20/2024,98.229875,0.05542,98.229875,,,,,,,
912796ZD4,Bill,42-Day,10/17/2023,10/19/2023,11/30/2023,99.378750,0.05448,99.378750,,,,,,,
912797GD3,Bill,13-Week,10/16/2023,10/19/2023,01/18/2024,98.650167,0.05503,98.650167,,,,,,,
912796CX5,Bill,26-Week,10/16/2023,10/19/2023,04/18/2024,97.302861,0.05574,97.302861,,,,,,,
912797HK6,Bill,4-Week,10/12/2023,10/17/2023,11/14/2023,99.585833,0.05436,99.585833,,,,,,,
912797HU4,Bill,8-Week,10/12/2023,10/17/2023,12/12/2023,99.168556,0.0548,99.168556,,,,,,,
912810TT5,Bond,29-Year 10-Month,10/12/2023,10/16/2023,08/15/2053,88.806438,,88.806438,0.04837,0.04125,,,Bonds of August 2053,,Yes
912797JD0,Bill,17-Week,10/11/2023,10/17/2023,02/13/2024,98.229875,0.05542,98.229875,,,,,,,
91282CHT1,Note,9-Year 10-Month,10/11/2023,10/16/2023,08/15/2033,94.231522,,94.231522,0.0461,0.03875,,,E-2033,,Yes
91282CJC6,Note,3-Year,10/10/2023,10/16/2023,10/15/2026,99.681877,,99.681877,0.0474,0.04625,,,AT-2026,,Yes
912797FL6,Bill,43-Day,10/10/2023,10/12/2023,11/24/2023,99.359778,0.05484,99.359778,,,,,,,
912797GC5,Bill,13-Week,10/10/2023,10/12/2023,01/11/2024,98.650167,0.05503,98.650167,,,,,,,
912797HF7,Bill,26-Week,10/10/2023,10/12/2023,04/11/2024,97.310444,0.05558,97.310444,,,,,,,
912797HJ9,Bill,4-Week,10/05/2023,10/10/2023,11/07/2023,99.587000,0.05421,99.587000,,,,,,,
912797HN0,Bill,8-Week,10/05/2023,10/10/2023,12/05/2023,99.167000,0.0549,99.167000,,,,,,,
912797JC2,Bill,17-Week,10/04/2023,10/10/2023,02/06/2024,98.231528,0.05537,98.231528,,,,,,,
912797FK8,Bill,42-Day,10/03/2023,10/05/2023,11/16/2023,99.378167,0.05453,99.378167,,,,,,,
912797GW1,Bill,52-Week,10/03/2023,10/05/2023,10/03/2024,94.757389,0.05488,94.757389,,,,,,,
912797FW2,Bill,13-Week,10/02/2023,10/05/2023,01/04/2024,98.648903,0.05509,98.648903,,,,,,,
912797GZ4,Bill,26-Week,10/02/2023,10/05/2023,04/04/2024,97.300333,0.0558,97.300333,,,,,,,
912797HD2,Bill,4-Week,09/28/2023,10/03/2023,10/31/2023,99.588556,0.054,99.588556,,,,,,,
912797HM2,Bill,8-Week,09/28/2023,10/03/2023,11/28/2023,99.170889,0.05464,99.170889,,,,,,,
91282CHZ7,Note,7-Year,09/28/2023,10/02/2023,09/30/2030,99.715829,,99.715829,0.04673,0.04625,,,Q-2030,,Yes
912797JB4,Bill,17-Week,09/27/2023,10/03/2023,01/30/2024,98.233181,0.05532,98.233181,,,,,,,
91282CJA0,Note,5-Year,09/27/2023,10/02/2023,09/30/2028,99.849471,,99.849471,0.04659,0.04625,,,AD-2028,,Yes
91282CHS3,Note,1-Year 10-Month,09/27/2023,09/29/2023,07/31/2025,99.898738,,99.898738,,,,,BF-2025,0.00125,No
91282CJB8,Note,2-Year,09/26/2023,10/02/2023,09/30/2025,99.840020,,99.840020,0.05085,0.05,,,BH-2025,,Yes
912797FJ1,Bill,42-Day,09/26/2023,09/28/2023,11/09/2023,99.382833,0.05412,99.382833,,,,,,,
912796ZN2,Bill,13-Week,09/25/2023,09/28/2023,12/28/2023,98.652694,0.05493,98.652694,,,,,,,
912797GY7,Bill,26-Week,09/25/2023,09/28/2023,03/28/2024,97.312972,0.05553,97.312972,,,,,,,
91282CHP9,Note,9-Year 10-Month,09/21/2023,09/29/2023,07/15/2033,94.260749,,94.260749,0.02094,0.01375,,,D-2033,,Yes
912797HC4,Bill,4-Week,09/21/2023,09/26/2023,10/24/2023,99.589333,0.0539,99.589333,,,,,,,
912797HL4,Bill,8-Week,09/21/2023,09/26/2023,11/21/2023,99.175556,0.05433,99.175556,,,,,,,
912797JA6,Bill,17-Week,09/20/2023,09/26/2023,01/23/2024,98.234833,0.05527,98.234833,,,,,,,
912810TU2,Bond,19-Year 11-Month,09/19/2023,10/02/2023,08/15/2043,97.182044,,97.182044,0.04592,0.04375,,,Bonds of August 2043,,Yes
912796YT0,Bill,42-Day,09/19/2023,09/21/2023,11/02/2023,99.383417,0.05406,99.383417,,,,,,,
912797FV4,Bill,13-Week,09/18/2023,09/21/2023,12/21/2023,98.656486,0.05477,98.656486,,,,,,,
912797LL9,Bill,26-Week,09/18/2023,09/21/2023,03/21/2024,97.320556,0.05537,97.320556,,,,,,,
912797HB6,Bill,4-Week,09/14/2023,09/19/2023,10/17/2023,99.588944,0.05395,99.588944,,,,,,,
912797HK6,Bill,8-Week,09/14/2023,09/19/2023,11/14/2023,99.176333,0.05428,99.176333,,,,,,,
912797HZ3,Bill,17-Week,09/13/2023,09/19/2023,01/16/2024,98.238139,0.05516,98.238139,,,,,,,
912810TT5,Bond,29-Year 11-Month,09/13/2023,09/15/2023,08/15/2053,96.329971,,96.329971,0.04345,0.04125,,,Bonds of August 2053,,Yes
91282CHT1,Note,9-Year 11-Month,09/12/2023,09/15/2023,08/15/2033,96.678677,,96.678677,0.04289,0.03875,,,E-2033,,Yes
912797FC6,Bill,42-Day,09/12/2023,09/14/2023,10/26/2023,99.383417,0.05406,99.383417,,,,,,,
91282CHY0,Note,3-Year,09/11/2023,09/15/2023,09/15/2026,99.903057,,99.903057,0.0466,0.04625,,,AS-2026,,Yes
912797FU6,Bill,13-Week,09/11/2023,09/14/2023,12/14/2023,98.656486,0.05477,98.656486,,,,,,,
912797GX9,Bill,26-Week,09/11/2023,09/14/2023,03/14/2024,97.320556,0.05537,97.320556,,,,,,,
912797HA8,Bill,4-Week,09/07/2023,09/12/2023,10/10/2023,99.589333,0.0539,99.589333,,,,,,,
912797HJ9,Bill,8-Week,09/07/2023,09/12/2023,11/07/2023,99.177111,0.05423,99.177111,,,,,,,
912797HY6,Bill,17-Week,09/06/2023,09/12/2023,01/09/2024,98.236486,0.05521,98.236486,,,,,,,
912797FB8,Bill,42-Day,09/05/2023,09/07/2023,10/19/2023,99.383417,0.05406,99.383417,,,,,,,
912797FT9,Bill,13-Week,09/05/2023,09/07/2023,12/07/2023,98.656486,0.05477,98.656486,,,,,,,
912797GQ4,Bill,26-Week,09/05/2023,09/07/2023,03/07/2024,97.320556,0.05537,97.320556,,,,,,,
912797GL5,Bill,52-Week,09/05/2023,09/07/2023,09/05/2024,94.823111,0.05417,94.823111,,,,,,,
912797GV3,Bill,4-Week,08/31/2023,09/05/2023,10/03/2023,99.589333,0.0539,99.589333,,,,,,,
912797HD2,Bill,8-Week,08/31/2023,09/05/2023,10/31/2023,99.177111,0.05423,99.177111,,,,,,,
912797HX8,Bill,17-Week,08/30/2023,09/05/2023,01/02/2024,98.238139,0.05516,98.238139,,,,,,,
912797FA0,Bill,42-Day,08/29/2023,08/31/2023,10/12/2023,99.382833,0.05412,99.382833,,,,,,,
91282CHW4,Note,7-Year,08/29/2023,08/31/2023,08/31/2030,99.477286,,99.477286,0.04212,0.04125,,,P-2030,,Yes
912796ZD4,Bill,13-Week,08/28/2023,08/31/2023,11/30/2023,98.650167,0.05503,98.650167,,,,,,,
912797GP6,Bill,26-Week,08/28/2023,08/31/2023,02/29/2024,97.295278,0.0559,97.295278,,,,,,,
91282CHV6,Note,2-Year,08/28/2023,08/31/2023,08/31/2025,99.954869,,99.954869,0.05024,0.05,,,BG-2025,,Yes
91282CHX2,Note,5-Year,08/28/2023,08/31/2023,08/31/2028,99.888884,,99.888884,0.044,0.04375,,,AC-2028,,Yes
912810TP3,Bond,29-Year 6-Month,08/24/2023,08/31/2023,02/15/2053,91.890055,,91.890055,0.0197,0.015,,,TIPS of February 2053,,Yes
912797GU5,Bill,4-Week,08/24/2023,08/29/2023,09/26/2023,99.588944,0.05395,99.588944,,,,,,,
912797HC4,Bill,8-Week,08/24/2023,08/29/2023,10/24/2023,99.177111,0.05423,99.177111,,,,,,,
912810TU2,Bond,20-Year,08/23/2023,08/31/2023,08/15/2043,98.374204,,98.374204,0.04499,0.04375,,,Bonds of August 2043,,Yes
912797HW0,Bill,17-Week,08/23/2023,08/29/2023,12/26/2023,98.243097,0.055,98.243097,,,,,,,
91282CHS3,Note,1-Year 11-Month,08/23/2023,08/25/2023,07/31/2025,99.922256,,99.922256,,,,,BF-2025,0.00125,No
912796YJ2,Bill,42-Day,08/22/2023,08/24/2023,10/05/2023,99.384000,0.05401,99.384000,,,,,,,
912797FL6,Bill,13-Week,08/21/2023,08/24/2023,11/24/2023,98.645556,0.05462,98.645556,,,,,,,
912796Z28,Bill,26-Week,08/21/2023,08/24/2023,02/22/2024,97.323083,0.05531,97.323083,,,,,,,
912797GJ0,Bill,7-Day,08/17/2023,08/22/2023,08/29/2023,99.898500,0.05312,99.898500,,,,,,,
912797GT8,Bill,4-Week,08/17/2023,08/22/2023,09/19/2023,99.589333,0.0539,99.589333,,,,,,,
912797HB6,Bill,8-Week,08/17/2023,08/22/2023,10/17/2023,99.178667,0.05412,99.178667,,,,,,,
912797HV2,Bill,17-Week,08/16/2023,08/22/2023,12/19/2023,98.246403,0.0549,98.246403,,,,,,,
912796CS6,Bill,42-Day,08/15/2023,08/17/2023,09/28/2023,99.383417,0.05406,99.383417,,,,,,,
912797FK8,Bill,13-Week,08/14/2023,08/17/2023,11/16/2023,98.661542,0.05456,98.661542,,,,,,,
912797GN1,Bill,26-Week,08/14/2023,08/17/2023,02/15/2024,97.325611,0.05526,97.325611,,,,,,,
912797GS0,Bill,4-Week,08/10/2023,08/15/2023,09/12/2023,99.589333,0.0539,99.589333,,,,,,,
912797HA8,Bill,8-Week,08/10/2023,08/15/2023,10/10/2023,99.178667,0.05412,99.178667,,,,,,,
912810TT5,Bond,30-Year,08/10/2023,08/15/2023,08/15/2053,98.912672,,98.912672,0.04189,0.04125,,,Bonds of August 2053,,Yes
912797HU4,Bill,17-Week,08/09/2023,08/15/2023,12/12/2023,98.244750,0.05495,98.244750,,,,,,,
91282CHT1,Note,10-Year,08/09/2023,08/15/2023,08/15/2033,98.986162,,98.986162,0.03999,0.03875,,,E-2033,,Yes
91282CHU8,Note,3-Year,08/08/2023,08/15/2023,08/15/2026,99.936014,,99.936014,0.04398,0.04375,,,AR-2026,,Yes
912796CR8,Bill,42-Day,08/08/2023,08/10/2023,09/21/2023,99.384583,0.05396,99.384583,,,,,,,
912797GK7,Bill,52-Week,08/08/2023,08/10/2023,08/08/2024,94.883778,0.05351,94.883778,,,,,,,
912797FJ1,Bill,13-Week,08/07/2023,08/10/2023,11/09/2023,98.662806,0.05451,98.662806,,,,,,,
912797GM3,Bill,26-Week,08/07/2023,08/10/2023,02/08/2024,97.338250,0.05499,97.338250,,,,,,,
912797GR2,Bill,4-Week,08/03/2023,08/08/2023,09/05/2023,99.589722,0.05385,99.589722,,,,,,,
912797GV3,Bill,8-Week,08/03/2023,08/08/2023,10/03/2023,99.177889,0.05418,99.177889,,,,,,,
912797HN0,Bill,17-Week,08/02/2023,08/08/2023,12/05/2023,98.248056,0.05484,98.248056,,,,,,,
912796CQ0,Bill,42-Day,08/01/2023,08/03/2023,09/14/2023,99.384000,0.05401,99.384000,,,,,,,
912796YT0,Bill,13-Week,07/31/2023,08/03/2023,11/02/2023,98.665333,0.05441,98.665333,,,,,,,
912797GE1,Bill,26-Week,07/31/2023,08/03/2023,02/01/2024,97.335722,0.05504,97.335722,,,,,,,
912797GJ0,Bill,4-Week,07/27/2023,08/01/2023,08/29/2023,99.589722,0.05385,99.589722,,,,,,,
912797GU5,Bill,8-Week,07/27/2023,08/01/2023,09/26/2023,99.177889,0.05418,99.177889,,,,,,,
91282CHR5,Note,7-Year,07/27/2023,07/31/2023,07/31/2030,99.474987,,99.474987,0.04087,0.04,,,N-2030,,Yes
912797HM2,Bill,17-Week,07/26/2023,08/01/2023,11/28/2023,98.248056,0.05484,98.248056,,,,,,,
91282CHS3,Note,2-Year,07/26/2023,07/31/2023,07/31/2025,100.000000,,100.000000,,,,,BF-2025,0.00125,No
91282CHQ7,Note,5-Year,07/25/2023,07/31/2023,07/31/2028,99.798788,,99.798788,0.0417,0.04125,,,AB-2028,,Yes
912796YH6,Bill,42-Day,07/25/2023,07/27/2023,09/07/2023,99.384583,0.05396,99.384583,,,,,,,
91282CHN4,Note,2-Year,07/24/2023,07/31/2023,07/31/2025,99.862395,,99.862395,0.04823,0.0475,,,BE-2025,,Yes
912797FC6,Bill,13-Week,07/24/2023,07/27/2023,10/26/2023,98.667861,0.0543,98.667861,,,,,,,
912796ZY8,Bill,26-Week,07/24/2023,07/27/2023,01/25/2024,97.335722,0.05504,97.335722,,,,,,,
91282CHP9,Note,10-Year,07/20/2023,07/31/2023,07/15/2033,99.021857,,99.021857,0.01495,0.01375,,,D-2033,,Yes
912797GH4,Bill,4-Week,07/20/2023,07/25/2023,08/22/2023,99.591278,0.05365,99.591278,,,,,,,
912797GT8,Bill,8-Week,07/20/2023,07/25/2023,09/19/2023,99.182556,0.05387,99.182556,,,,,,,
912810TS7,Bond,19-Year 10-Month,07/19/2023,07/31/2023,05/15/2043,97.810388,,97.810388,0.04036,0.03875,,,Bonds of May 2043,,Yes
912797HL4,Bill,17-Week,07/19/2023,07/25/2023,11/21/2023,98.257972,0.05453,98.257972,,,,,,,
912796Z51,Bill,42-Day,07/18/2023,07/20/2023,08/31/2023,99.388667,0.0536,99.388667,,,,,,,
912797FB8,Bill,13-Week,07/17/2023,07/20/2023,10/19/2023,98.672917,0.05409,98.672917,,,,,,,
912797GD3,Bill,26-Week,07/17/2023,07/20/2023,01/18/2024,97.345833,0.05483,97.345833,,,,,,,
912797GG6,Bill,4-Week,07/13/2023,07/18/2023,08/15/2023,99.594778,0.05318,99.594778,,,,,,,
912797GS0,Bill,8-Week,07/13/2023,07/18/2023,09/12/2023,99.186444,0.05361,99.186444,,,,,,,
912810TR9,Bond,29-Year 10-Month,07/13/2023,07/17/2023,05/15/2053,94.999360,,94.999360,0.0391,0.03625,,,Bonds of May 2053,,Yes
912797HK6,Bill,17-Week,07/12/2023,07/18/2023,11/14/2023,98.261278,0.05442,98.261278,,,,,,,
91282CHC8,Note,9-Year 10-Month,07/12/2023,07/17/2023,05/15/2033,96.080353,,96.080353,0.03857,0.03375,,,C-2033,,Yes
91282CHM6,Note,3-Year,07/11/2023,07/17/2023,07/15/2026,99.905249,,99.905249,0.04534,0.045,,,AQ-2026,,Yes
912796Z44,Bill,42-Day,07/11/2023,07/13/2023,08/24/2023,99.392167,0.05329,99.392167,,,,,,,
912797GB7,Bill,52-Week,07/11/2023,07/13/2023,07/11/2024,94.813000,0.05428,94.813000,,,,,,,
912797FA0,Bill,13-Week,07/10/2023,07/13/2023,10/12/2023,98.672917,0.05409,98.672917,,,,,,,
912797GC5,Bill,26-Week,07/10/2023,07/13/2023,01/11/2024,97.335722,0.05504,97.335722,,,,,,,
912797GF8,Bill,4-Week,07/06/2023,07/11/2023,08/08/2023,99.599444,0.05257,99.599444,,,,,,,
912797GR2,Bill,8-Week,07/06/2023,07/11/2023,09/05/2023,99.191111,0.0533,99.191111,,,,,,,
912797HJ9,Bill,17-Week,07/05/2023,07/11/2023,11/07/2023,98.264583,0.05432,98.264583,,,,,,,
912796Z36,Bill,42-Day,07/03/2023,07/06/2023,08/17/2023,99.396833,0.05288,99.396833,,,,,,,
912796YJ2,Bill,13-Week,07/03/2023,07/06/2023,10/05/2023,98.677972,0.05388,98.677972,,,,,,,
912797FW2,Bill,26-Week,07/03/2023,07/06/2023,01/04/2024,97.340778,0.05494,97.340778,,,,,,,
912797GA9,Bill,4-Week,06/29/2023,07/05/2023,08/01/2023,99.618625,0.0519,99.618625,,,,,,,
912797GJ0,Bill,8-Week,06/29/2023,07/05/2023,08/29/2023,99.207083,0.05319,99.207083,,,,,,,
912797HD2,Bill,17-Week,06/28/2023,07/05/2023,10/31/2023,98.287361,0.05405,98.287361,,,,,,,
91282CGY1,Note,1-Year 10-Month,06/28/2023,06/30/2023,04/30/2025,100.057371,,100.057371,,,,,BB-2025,0.00169,No
91282CHJ3,Note,7-Year,06/28/2023,06/30/2023,06/30/2030,99.458207,,99.458207,0.03839,0.0375,,,M-2030,,Yes
91282CHK0,Note,5-Year,06/27/2023,06/30/2023,06/30/2028,99.914708,,99.914708,0.04019,0.04,,,AA-2028,,Yes
912796XY0,Bill,42-Day,06/27/2023,06/29/2023,08/10/2023,99.404417,0.05221,99.404417,,,,,,,
91282CHL8,Note,2-Year,06/26/2023,06/30/2023,06/30/2025,99.915018,,99.915018,0.0467,0.04625,,,BD-2025,,Yes
912796CS6,Bill,13-Week,06/26/2023,06/29/2023,09/28/2023,98.690611,0.05336,98.690611,,,,,,,
912796ZN2,Bill,26-Week,06/26/2023,06/29/2023,12/28/2023,97.363528,0.05445,97.363528,,,,,,,
91282CGW5,Note,4-Year 10-Month,06/22/2023,06/30/2023,04/15/2028,98.430918,,98.430918,0.01832,0.0125,,,X-2028,,Yes
912797FZ5,Bill,4-Week,06/22/2023,06/27/2023,07/25/2023,99.610333,0.05113,99.610333,,,,,,,
912797GH4,Bill,8-Week,06/22/2023,06/27/2023,08/22/2023,99.200444,0.05268,99.200444,,,,,,,
912810TS7,Bond,19-Year 11-Month,06/21/2023,06/30/2023,05/15/2043,98.155462,,98.155462,0.0401,0.03875,,,Bonds of May 2043,,Yes
912797HC4,Bill,17-Week,06/21/2023,06/27/2023,10/24/2023,98.274500,0.054,98.274500,,,,,,,
912796Y37,Bill,42-Day,06/20/2023,06/22/2023,08/03/2023,99.408500,0.05185,99.408500,,,,,,,
912796CR8,Bill,13-Week,06/20/2023,06/22/2023,09/21/2023,98.703250,0.05284,98.703250,,,,,,,
912797FV4,Bill,26-Week,06/20/2023,06/22/2023,12/21/2023,97.386278,0.05397,97.386278,,,,,,,
912797FY8,Bill,4-Week,06/15/2023,06/20/2023,07/18/2023,99.610333,0.05113,99.610333,,,,,,,
912797GG6,Bill,8-Week,06/15/2023,06/20/2023,08/15/2023,99.209778,0.05206,99.209778,,,,,,,
912797HB6,Bill,17-Week,06/14/2023,06/20/2023,10/17/2023,98.297639,0.05327,98.297639,,,,,,,
912796Y29,Bill,42-Day,06/13/2023,06/15/2023,07/27/2023,99.414333,0.05134,99.414333,,,,,,,
912797FS1,Bill,52-Week,06/13/2023,06/15/2023,06/13/2024,95.015222,0.05208,95.015222,,,,,,,
912810TR9,Bond,29-Year 11-Month,06/13/2023,06/15/2023,05/15/2053,95.028556,,95.028556,0.03908,0.03625,,,Bonds of May 2053,,Yes
912796CQ0,Bill,13-Week,06/12/2023,06/15/2023,09/14/2023,98.698194,0.05305,98.698194,,,,,,,
912797FU6,Bill,26-Week,06/12/2023,06/15/2023,12/14/2023,97.393861,0.05381,97.393861,,,,,,,
91282CHH7,Note,3-Year,06/12/2023,06/15/2023,06/15/2026,99.785078,,99.785078,0.04202,0.04125,,,AP-2026,,Yes
91282CHC8,Note,9-Year 11-Month,06/12/2023,06/15/2023,05/15/2033,96.583639,,96.583639,0.03791,0.03375,,,C-2033,,Yes
912797FX0,Bill,4-Week,06/08/2023,06/13/2023,07/11/2023,99.604111,0.05195,99.604111,,,,,,,
912797GF8,Bill,8-Week,06/08/2023,06/13/2023,08/08/2023,99.203556,0.05247,99.203556,,,,,,,
912797HA8,Bill,17-Week,06/07/2023,06/13/2023,10/10/2023,98.281111,0.05379,98.281111,,,,,,,
912796YH6,Bill,13-Week,06/05/2023,06/08/2023,09/07/2023,98.680500,0.05378,98.680500,,,,,,,
912797FT9,Bill,26-Week,06/05/2023,06/08/2023,12/07/2023,97.345833,0.05483,97.345833,,,,,,,
912796ZZ5,Bill,44-Day,06/05/2023,06/06/2023,07/20/2023,99.370556,0.05269,99.370556,,,,,,,
912797FM4,Bill,1-Day,06/02/2023,06/05/2023,06/06/2023,99.985944,0.05145,99.985944,,,,,,,
912796XQ7,Bill,38-Day,06/02/2023,06/05/2023,07/13/2023,99.445833,0.05367,99.445833,,,,,,,
912797FR3,Bill,4-Week,06/01/2023,06/06/2023,07/05/2023,99.586750,0.05237,99.586750,,,,,,,
912797GA9,Bill,8-Week,06/01/2023,06/06/2023,08/01/2023,99.188000,0.0535,99.188000,,,,,,,
912797MF1,Bill,3-Day,06/01/2023,06/02/2023,06/05/2023,99.948750,0.06256,99.948750,,,,,,,
912797GV3,Bill,17-Week,05/31/2023,06/06/2023,10/03/2023,98.239792,0.05511,98.239792,,,,,,,
912796Z51,Bill,13-Week,05/30/2023,06/01/2023,08/31/2023,98.660278,0.05462,98.660278,,,,,,,
912797FJ1,Bill,161-Day,05/30/2023,06/01/2023,11/09/2023,97.611833,0.05562,97.611833,,,,,,,
912796ZD4,Bill,26-Week,05/30/2023,06/01/2023,11/30/2023,97.325611,0.05526,97.325611,,,,,,,
91282CHF1,Note,7-Year,05/25/2023,05/31/2023,05/31/2030,99.531059,,99.531059,0.03827,0.0375,,,L-2030,,Yes
912797FQ5,Bill,4-Week,05/25/2023,05/30/2023,06/27/2023,99.552778,0.05872,99.552778,,,,,,,
912797FZ5,Bill,8-Week,05/25/2023,05/30/2023,07/25/2023,99.167778,0.05485,99.167778,,,,,,,
91282CHE4,Note,5-Year,05/24/2023,05/31/2023,05/31/2028,99.439405,,99.439405,0.03749,0.03625,,,Z-2028,,Yes
912797GU5,Bill,17-Week,05/24/2023,05/30/2023,09/26/2023,98.261278,0.05442,98.261278,,,,,,,
91282CGY1,Note,1-Year 11-Month,05/24/2023,05/26/2023,04/30/2025,99.994300,,99.994300,,,,,BB-2025,0.00169,No
91282CHD6,Note,2-Year,05/23/2023,05/31/2023,05/31/2025,99.905152,,99.905152,0.043,0.0425,,,BC-2025,,Yes
912796X53,Bill,21-Day,05/23/2023,05/25/2023,06/15/2023,99.638333,0.06326,99.638333,,,,,,,
912796Z44,Bill,13-Week,05/22/2023,05/25/2023,08/24/2023,98.672917,0.05409,98.672917,,,,,,,
912797FL6,Bill,26-Week,05/22/2023,05/25/2023,11/24/2023,97.371917,0.05398,97.371917,,,,,,,
91282CGK1,Note,9-Year 8-Month,05/18/2023,05/31/2023,01/15/2033,98.862426,,98.862426,0.01395,0.01125,,,A-2033,,Yes
912797FP7,Bill,4-Week,05/18/2023,05/23/2023,06/20/2023,99.582333,0.05482,99.582333,,,,,,,
912797FY8,Bill,8-Week,05/18/2023,05/23/2023,07/18/2023,99.219111,0.05144,99.219111,,,,,,,
912797FC6,Bill,156-Day,05/18/2023,05/23/2023,10/26/2023,97.733667,0.0544,97.733667,,,,,,,
912810TS7,Bond,20-Year,05/17/2023,05/31/2023,05/15/2043,98.913642,,98.913642,0.03954,0.03875,,,Bonds of May 2043,,Yes
912797GT8,Bill,17-Week,05/17/2023,05/23/2023,09/19/2023,98.314167,0.05274,98.314167,,,,,,,
912797FB8,Bill,154-Day,05/16/2023,05/18/2023,10/19/2023,97.829028,0.05274,97.829028,,,,,,,
912797FH5,Bill,52-Week,05/16/2023,05/18/2023,05/16/2024,95.303389,0.04896,95.303389,,,,,,,
912796Z36,Bill,13-Week,05/15/2023,05/18/2023,08/17/2023,98.720944,0.05211,98.720944,,,,,,,
912797FK8,Bill,26-Week,05/15/2023,05/18/2023,11/16/2023,97.482333,0.05194,97.482333,,,,,,,
912797FN2,Bill,4-Week,05/11/2023,05/16/2023,06/13/2023,99.564056,0.05723,99.564056,,,,,,,
912797FX0,Bill,8-Week,05/11/2023,05/16/2023,07/11/2023,99.272000,0.04793,99.272000,,,,,,,
912797FA0,Bill,149-Day,05/11/2023,05/16/2023,10/12/2023,97.914000,0.05233,97.914000,,,,,,,
912810TR9,Bond,30-Year,05/11/2023,05/15/2023,05/15/2053,97.919140,,97.919140,0.03741,0.03625,,,Bonds of May 2053,,Yes
912797GS0,Bill,17-Week,05/10/2023,05/16/2023,09/12/2023,98.347222,0.05169,98.347222,,,,,,,
91282CHC8,Note,10-Year,05/10/2023,05/15/2023,05/15/2033,99.386966,,99.386966,0.03448,0.03375,,,C-2033,,Yes
91282CHB0,Note,3-Year,05/09/2023,05/15/2023,05/15/2026,99.802937,,99.802937,0.03695,0.03625,,,AN-2026,,Yes
912796XY0,Bill,13-Week,05/08/2023,05/11/2023,08/10/2023,98.700722,0.05294,98.700722,,,,,,,
912797FJ1,Bill,26-Week,05/08/2023,05/11/2023,11/09/2023,97.527833,0.05098,97.527833,,,,,,,
912797FM4,Bill,4-Week,05/04/2023,05/09/2023,06/06/2023,99.545778,0.05964,99.545778,,,,,,,
912797FR3,Bill,8-Week,05/04/2023,05/09/2023,07/05/2023,99.145000,0.05537,99.145000,,,,,,,
912797GR2,Bill,17-Week,05/03/2023,05/09/2023,09/05/2023,98.353833,0.05148,98.353833,,,,,,,
912796ZF9,Bill,21-Day,05/02/2023,05/04/2023,05/25/2023,99.738083,0.04577,99.738083,,,,,,,
912796Y37,Bill,13-Week,05/01/2023,05/04/2023,08/03/2023,98.705778,0.05274,98.705778,,,,,,,
912796YT0,Bill,26-Week,05/01/2023,05/04/2023,11/02/2023,97.522778,0.05108,97.522778,,,,,,,
912797FG7,Bill,4-Week,04/27/2023,05/02/2023,05/30/2023,99.702111,0.03905,99.702111,,,,,,,
912797FQ5,Bill,8-Week,04/27/2023,05/02/2023,06/27/2023,99.231556,0.05061,99.231556,,,,,,,
912796W47,Bill,17-Day,04/27/2023,05/01/2023,05/18/2023,99.794583,0.04432,99.794583,,,,,,,
91282CGZ8,Note,7-Year,04/27/2023,05/01/2023,04/30/2030,99.612688,,99.612688,0.03563,0.035,,,K-2030,,Yes
912797GJ0,Bill,17-Week,04/26/2023,05/02/2023,08/29/2023,98.355486,0.05142,98.355486,,,,,,,
91282CGY1,Note,2-Year,04/26/2023,05/01/2023,04/30/2025,99.999806,,99.999806,,,,,BB-2025,0.00169,No
91282CHA2,Note,5-Year,04/26/2023,05/01/2023,04/30/2028,99.999837,,99.999837,0.035,0.035,,,Y-2028,,Yes
91282CGX3,Note,2-Year,04/25/2023,05/01/2023,04/30/2025,99.820997,,99.820997,0.03969,0.03875,,,BA-2025,,Yes
912796Y29,Bill,13-Week,04/24/2023,04/27/2023,07/27/2023,98.719681,0.05216,98.719681,,,,,,,
912797FC6,Bill,26-Week,04/24/2023,04/27/2023,10/26/2023,97.553111,0.05044,97.553111,,,,,,,
91282CGW5,Note,5-Year,04/20/2023,04/28/2023,04/15/2028,99.904611,,99.904611,0.0132,0.0125,,,X-2028,,Yes
912797FF9,Bill,4-Week,04/20/2023,04/25/2023,05/23/2023,99.751889,0.03251,99.751889,,,,,,,
912797FP7,Bill,8-Week,04/20/2023,04/25/2023,06/20/2023,99.245556,0.04968,99.245556,,,,,,,
912810TQ1,Bond,19-Year 10-Month,04/19/2023,05/01/2023,02/15/2043,99.375292,,99.375292,0.0392,0.03875,,,Bonds of February 2043,,Yes
912797GH4,Bill,17-Week,04/19/2023,04/25/2023,08/22/2023,98.327389,0.05232,98.327389,,,,,,,
912796CX5,Bill,52-Week,04/18/2023,04/20/2023,04/18/2024,95.419667,0.0477,95.419667,,,,,,,
912796ZZ5,Bill,13-Week,04/17/2023,04/20/2023,07/20/2023,98.715889,0.05232,98.715889,,,,,,,
912797FB8,Bill,26-Week,04/17/2023,04/20/2023,10/19/2023,97.537944,0.05076,97.537944,,,,,,,
912797FE2,Bill,4-Week,04/13/2023,04/18/2023,05/16/2023,99.686556,0.0411,99.686556,,,,,,,
912797FN2,Bill,8-Week,04/13/2023,04/18/2023,06/13/2023,99.254889,0.04906,99.254889,,,,,,,
912810TN8,Bond,29-Year 10-Month,04/13/2023,04/17/2023,02/15/2053,99.342510,,99.342510,0.03661,0.03625,,,Bonds of February 2053,,Yes
912797GG6,Bill,17-Week,04/12/2023,04/18/2023,08/15/2023,98.353833,0.05148,98.353833,,,,,,,
91282CGM7,Note,9-Year 10-Month,04/12/2023,04/17/2023,02/15/2033,100.365768,,100.365768,0.03455,0.035,,,B-2033,,Yes
91282CGV7,Note,3-Year,04/11/2023,04/17/2023,04/15/2026,99.831325,,99.831325,0.0381,0.0375,,,AM-2026,,Yes
912796XQ7,Bill,13-Week,04/10/2023,04/13/2023,07/13/2023,98.741167,0.05128,98.741167,,,,,,,
912797FA0,Bill,26-Week,04/10/2023,04/13/2023,10/12/2023,97.575861,0.04996,97.575861,,,,,,,
912797FD4,Bill,4-Week,04/06/2023,04/11/2023,05/09/2023,99.654667,0.0453,99.654667,,,,,,,
912797FM4,Bill,8-Week,04/06/2023,04/11/2023,06/06/2023,99.276667,0.04762,99.276667,,,,,,,
912797GF8,Bill,17-Week,04/05/2023,04/11/2023,08/08/2023,98.429861,0.04906,98.429861,,,,,,,
912796ZS1,Bill,13-Week,04/03/2023,04/06/2023,07/06/2023,98.791722,0.04919,98.791722,,,,,,,
912796YJ2,Bill,26-Week,04/03/2023,04/06/2023,10/05/2023,97.621361,0.049,97.621361,,,,,,,
912796CW7,Bill,4-Week,03/30/2023,04/04/2023,05/02/2023,99.642222,0.04693,99.642222,,,,,,,
912797FG7,Bill,8-Week,03/30/2023,04/04/2023,05/30/2023,99.284444,0.0471,99.284444,,,,,,,
912797GA9,Bill,17-Week,03/29/2023,04/04/2023,08/01/2023,98.419944,0.04938,98.419944,,,,,,,
91282CGF2,Note,1-Year 10-Month,03/29/2023,03/31/2023,01/31/2025,100.014423,,100.014423,,,,,AX-2025,0.002,No
91282CGS4,Note,7-Year,03/29/2023,03/31/2023,03/31/2030,99.993866,,99.993866,0.03626,0.03625,,,J-2030,,Yes
912797LM7,Bill,17-Day,03/28/2023,03/31/2023,04/17/2023,99.778056,0.04789,99.778056,,,,,,,
91282CGT2,Note,5-Year,03/28/2023,03/31/2023,03/31/2028,99.818764,,99.818764,0.03665,0.03625,,,W-2028,,Yes
912796YN3,Bill,7-Day,03/28/2023,03/30/2023,04/06/2023,99.921250,0.04121,99.921250,,,,,,,
91282CGU9,Note,2-Year,03/27/2023,03/31/2023,03/31/2025,99.849511,,99.849511,0.03954,0.03875,,,AZ-2025,,Yes
912796ZR3,Bill,13-Week,03/27/2023,03/30/2023,06/29/2023,98.818264,0.0481,98.818264,,,,,,,
912796CS6,Bill,26-Week,03/27/2023,03/30/2023,09/28/2023,97.649167,0.04841,97.649167,,,,,,,
91282CGK1,Note,9-Year 10-Month,03/23/2023,03/31/2023,01/15/2033,99.880392,,99.880392,0.01182,0.01125,,,A-2033,,Yes
912796CV9,Bill,4-Week,03/23/2023,03/28/2023,04/25/2023,99.677222,0.04233,99.677222,,,,,,,
912797FF9,Bill,8-Week,03/23/2023,03/28/2023,05/23/2023,99.315556,0.04504,99.315556,,,,,,,
912797FZ5,Bill,17-Week,03/22/2023,03/28/2023,07/25/2023,98.411681,0.04964,98.411681,,,,,,,
912810TQ1,Bond,19-Year 11-Month,03/21/2023,03/31/2023,02/15/2043,99.526236,,99.526236,0.03909,0.03875,,,Bonds of February 2043,,Yes
912797LL9,Bill,52-Week,03/21/2023,03/23/2023,03/21/2024,95.561222,0.04617,95.561222,,,,,,,
912796ZQ5,Bill,13-Week,03/20/2023,03/23/2023,06/22/2023,98.818264,0.0481,98.818264,,,,,,,
912796CR8,Bill,26-Week,03/20/2023,03/23/2023,09/21/2023,97.664333,0.04809,97.664333,,,,,,,
912796CU1,Bill,4-Week,03/17/2023,03/21/2023,04/18/2023,99.671778,0.04304,99.671778,,,,,,,
912797FE2,Bill,8-Week,03/17/2023,03/21/2023,05/16/2023,99.307778,0.04556,99.307778,,,,,,,
912797FY8,Bill,17-Week,03/15/2023,03/21/2023,07/18/2023,98.429861,0.04906,98.429861,,,,,,,
912796X53,Bill,13-Week,03/13/2023,03/16/2023,06/15/2023,98.799306,0.04888,98.799306,,,,,,,
912796CQ0,Bill,26-Week,03/13/2023,03/16/2023,09/14/2023,97.623889,0.04895,97.623889,,,,,,,
912810TN8,Bond,29-Year 11-Month,03/09/2023,03/15/2023,02/15/2053,95.555716,,95.555716,0.03877,0.03625,,,Bonds of February 2053,,Yes
912796CT4,Bill,4-Week,03/09/2023,03/14/2023,04/11/2023,99.639111,0.04734,99.639111,,,,,,,
912797FD4,Bill,8-Week,03/09/2023,03/14/2023,05/09/2023,99.250222,0.04937,99.250222,,,,,,,
91282CGM7,Note,9-Year 11-Month,03/08/2023,03/15/2023,02/15/2033,96.052286,,96.052286,0.03985,0.035,,,B-2033,,Yes
912797FX0,Bill,17-Week,03/08/2023,03/14/2023,07/11/2023,98.332347,0.05216,98.332347,,,,,,,
91282CGR6,Note,3-Year,03/07/2023,03/15/2023,03/15/2026,99.972290,,99.972290,0.04635,0.04625,,,AL-2026,,Yes
912796ZP7,Bill,13-Week,03/06/2023,03/09/2023,06/08/2023,98.795514,0.04903,98.795514,,,,,,,
912796YH6,Bill,26-Week,03/06/2023,03/09/2023,09/07/2023,97.487389,0.05183,97.487389,,,,,,,
912796Z93,Bill,4-Week,03/02/2023,03/07/2023,04/04/2023,99.643000,0.04683,99.643000,,,,,,,
912796CW7,Bill,8-Week,03/02/2023,03/07/2023,05/02/2023,99.275889,0.04767,99.275889,,,,,,,
912797FR3,Bill,17-Week,03/01/2023,03/07/2023,07/05/2023,98.371667,0.05049,98.371667,,,,,,,
912796ZG7,Bill,13-Week,02/27/2023,03/02/2023,06/01/2023,98.799306,0.04888,98.799306,,,,,,,
912796Z51,Bill,26-Week,02/27/2023,03/02/2023,08/31/2023,97.502556,0.05151,97.502556,,,,,,,
912796YL7,Bill,16-Day,02/23/2023,02/28/2023,03/16/2023,99.801778,0.04531,99.801778,,,,,,,
912796Z85,Bill,4-Week,02/23/2023,02/28/2023,03/28/2023,99.648833,0.04594,99.648833,,,,,,,
912796CV9,Bill,8-Week,02/23/2023,02/28/2023,04/25/2023,99.275111,0.04759,99.275111,,,,,,,
91282CGQ8,Note,7-Year,02/23/2023,02/28/2023,02/28/2030,99.625524,,99.625524,0.04062,0.04,,,H-2030,,Yes
912797FQ5,Bill,17-Week,02/22/2023,02/28/2023,06/27/2023,98.403417,0.04977,98.403417,,,,,,,
91282CGP0,Note,5-Year,02/22/2023,02/28/2023,02/29/2028,99.511842,,99.511842,0.04109,0.04,,,V-2028,,Yes
91282CGF2,Note,1-Year 11-Month,02/22/2023,02/24/2023,01/31/2025,100.071615,,100.071615,,,,,AX-2025,0.002,No
91282CGN5,Note,2-Year,02/21/2023,02/28/2023,02/28/2025,99.909356,,99.909356,0.04673,0.04625,,,AY-2025,,Yes
912796ZF9,Bill,13-Week,02/21/2023,02/23/2023,05/25/2023,98.806889,0.04843,98.806889,,,,,,,
912796Z44,Bill,26-Week,02/21/2023,02/23/2023,08/24/2023,97.515194,0.0511,97.515194,,,,,,,
912796Z28,Bill,52-Week,02/21/2023,02/23/2023,02/22/2024,95.151722,0.05046,95.151722,,,,,,,
912810TP3,Bond,30-Year,02/16/2023,02/28/2023,02/15/2053,98.663518,,98.663518,0.0155,0.015,,,TIPS of February 2053,,Yes
912796Z77,Bill,4-Week,02/16/2023,02/21/2023,03/21/2023,99.649222,0.04589,99.649222,,,,,,,
912796CU1,Bill,8-Week,02/16/2023,02/21/2023,04/18/2023,99.276667,0.04749,99.276667,,,,,,,
912810TQ1,Bond,20-Year,02/15/2023,02/28/2023,02/15/2043,98.601167,,98.601167,0.03977,0.03875,,,Bonds of February 2043,,Yes
912797FP7,Bill,17-Week,02/15/2023,02/21/2023,06/20/2023,98.413333,0.04945,98.413333,,,,,,,
912796Y78,Bill,12-Day,02/14/2023,02/16/2023,02/28/2023,99.848667,0.0461,99.848667,,,,,,,
912796W47,Bill,13-Week,02/13/2023,02/16/2023,05/18/2023,98.817000,0.04802,98.817000,,,,,,,
912796Z36,Bill,26-Week,02/13/2023,02/16/2023,08/17/2023,97.553111,0.0503,97.553111,,,,,,,
912810TN8,Bond,30-Year,02/09/2023,02/15/2023,02/15/2053,98.898317,,98.898317,0.03686,0.03625,,,Bonds of February 2053,,Yes
912796Z69,Bill,4-Week,02/09/2023,02/14/2023,03/14/2023,99.648444,0.04599,99.648444,,,,,,,
912796CT4,Bill,8-Week,02/09/2023,02/14/2023,04/11/2023,99.284444,0.04698,99.284444,,,,,,,
91282CGM7,Note,10-Year,02/08/2023,02/15/2023,02/15/2033,99.058658,,99.058658,0.03613,0.035,,,B-2033,,Yes
912797FN2,Bill,17-Week,02/08/2023,02/14/2023,06/13/2023,98.446389,0.0484,98.446389,,,,,,,
91282CGL9,Note,3-Year,02/07/2023,02/15/2023,02/15/2026,99.795799,,99.795799,0.04073,0.04,,,AK-2026,,Yes
912796ZE2,Bill,13-Week,02/06/2023,02/09/2023,05/11/2023,98.839750,0.04708,98.839750,,,,,,,
912796XY0,Bill,26-Week,02/06/2023,02/09/2023,08/10/2023,97.596083,0.0494,97.596083,,,,,,,
912796Y86,Bill,4-Week,02/02/2023,02/07/2023,03/07/2023,99.650778,0.04568,99.650778,,,,,,,
912796Z93,Bill,8-Week,02/02/2023,02/07/2023,04/04/2023,99.299222,0.046,99.299222,,,,,,,
912797FM4,Bill,17-Week,02/01/2023,02/07/2023,06/06/2023,98.471181,0.04762,98.471181,,,,,,,
912796YW3,Bill,13-Week,01/30/2023,02/02/2023,05/04/2023,98.838486,0.04714,98.838486,,,,,,,
912796Y37,Bill,26-Week,01/30/2023,02/02/2023,08/03/2023,97.634000,0.0486,97.634000,,,,,,,
912796Y78,Bill,4-Week,01/26/2023,01/31/2023,02/28/2023,99.650000,0.04579,99.650000,,,,,,,
912796Z85,Bill,8-Week,01/26/2023,01/31/2023,03/28/2023,99.296111,0.0462,99.296111,,,,,,,
91282CGJ4,Note,7-Year,01/26/2023,01/31/2023,01/31/2030,99.895326,,99.895326,0.03517,0.035,,,G-2030,,Yes
912797FG7,Bill,17-Week,01/25/2023,01/31/2023,05/30/2023,98.472833,0.04757,98.472833,,,,,,,
91282CGF2,Note,2-Year,01/25/2023,01/31/2023,01/31/2025,100.000000,,100.000000,,,,,AX-2025,0.002,No
91282CGH8,Note,5-Year,01/25/2023,01/31/2023,01/31/2028,99.863589,,99.863589,0.0353,0.035,,,U-2028,,Yes
91282CGG0,Note,2-Year,01/24/2023,01/31/2023,01/31/2025,99.973391,,99.973391,0.04139,0.04125,,,AW-2025,,Yes
912796ZY8,Bill,52-Week,01/24/2023,01/26/2023,01/25/2024,95.480333,0.04692,95.480333,,,,,,,
912796YV5,Bill,13-Week,01/23/2023,01/26/2023,04/27/2023,98.843542,0.04693,98.843542,,,,,,,
912796Y29,Bill,26-Week,01/23/2023,01/26/2023,07/27/2023,97.631472,0.04865,97.631472,,,,,,,
91282CGK1,Note,10-Year,01/19/2023,01/31/2023,01/15/2033,99.060103,,99.060103,0.0122,0.01125,,,A-2033,,Yes
912796Y60,Bill,4-Week,01/19/2023,01/24/2023,02/21/2023,99.651556,0.04558,99.651556,,,,,,,
912796YK9,Bill,44-Day,01/19/2023,01/24/2023,03/09/2023,99.446944,0.04613,99.446944,,,,,,,
912796Z77,Bill,8-Week,01/19/2023,01/24/2023,03/21/2023,99.296889,0.04615,99.296889,,,,,,,
912810TM0,Bond,19-Year 10-Month,01/18/2023,01/31/2023,11/15/2042,104.489600,,104.489600,0.03678,0.04,,,Bonds of November 2042,,Yes
912797FF9,Bill,17-Week,01/18/2023,01/24/2023,05/23/2023,98.476139,0.04746,98.476139,,,,,,,
912796V48,Bill,13-Week,01/17/2023,01/19/2023,04/20/2023,98.847333,0.04677,98.847333,,,,,,,
912796ZZ5,Bill,26-Week,01/17/2023,01/19/2023,07/20/2023,97.631472,0.04865,97.631472,,,,,,,
912796T33,Bill,35-Day,01/12/2023,01/19/2023,02/23/2023,99.563472,0.04572,99.563472,,,,,,,
912796ZU6,Bill,4-Week,01/12/2023,01/17/2023,02/14/2023,99.660111,0.04446,99.660111,,,,,,,
912796Z69,Bill,8-Week,01/12/2023,01/17/2023,03/14/2023,99.305444,0.04559,99.305444,,,,,,,
912810TL2,Bond,29-Year 10-Month,01/12/2023,01/17/2023,11/15/2052,107.556697,,107.556697,0.03585,0.04,,,Bonds of November 2052,,Yes
912797FE2,Bill,17-Week,01/11/2023,01/17/2023,05/16/2023,98.453000,0.0482,98.453000,,,,,,,
91282CFV8,Note,9-Year 10-Month,01/11/2023,01/17/2023,11/15/2032,104.515580,,104.515580,0.03575,0.04125,,,F-2032,,Yes
91282CGE5,Note,3-Year,01/10/2023,01/17/2023,01/15/2026,99.714294,,99.714294,0.03977,0.03875,,,AJ-2026,,Yes
912796YU7,Bill,13-Week,01/09/2023,01/12/2023,04/13/2023,98.847333,0.04677,98.847333,,,,,,,
912796XQ7,Bill,26-Week,01/09/2023,01/12/2023,07/13/2023,97.618833,0.04892,97.618833,,,,,,,
912796ZT9,Bill,4-Week,01/05/2023,01/10/2023,02/07/2023,99.681111,0.0417,99.681111,,,,,,,
912796Y86,Bill,8-Week,01/05/2023,01/10/2023,03/07/2023,99.310889,0.04523,99.310889,,,,,,,
912797FD4,Bill,17-Week,01/04/2023,01/10/2023,05/09/2023,98.489361,0.04705,98.489361,,,,,,,
912796YN3,Bill,13-Week,01/03/2023,01/05/2023,04/06/2023,98.885250,0.04522,98.885250,,,,,,,
912796ZS1,Bill,26-Week,01/03/2023,01/05/2023,07/06/2023,97.656750,0.04812,97.656750,,,,,,,
912796ZM4,Bill,4-Week,12/29/2022,01/03/2023,01/31/2023,99.702111,0.03895,99.702111,,,,,,,
912796Y78,Bill,8-Week,12/29/2022,01/03/2023,02/28/2023,99.338889,0.04338,99.338889,,,,,,,
91282CGB1,Note,7-Year,12/29/2022,01/03/2023,12/31/2029,99.720458,,99.720458,0.03921,0.03875,,,T-2029,,Yes
912796CW7,Bill,17-Week,12/28/2022,01/03/2023,05/02/2023,98.495972,0.04684,98.495972,,,,,,,
91282CGC9,Note,5-Year,12/28/2022,01/03/2023,12/31/2027,99.559582,,99.559582,0.03973,0.03875,,,AH-2027,,Yes
91282CFS5,Note,1-Year 10-Month,12/28/2022,12/30/2022,10/31/2024,99.821106,,99.821106,,,,,BK-2024,0.0014,No
91282CGD7,Note,2-Year,12/27/2022,01/03/2023,12/31/2024,99.767054,,99.767054,0.04373,0.0425,,,BM-2024,,Yes
912796YM5,Bill,13-Week,12/27/2022,12/29/2022,03/30/2023,98.900417,0.04459,98.900417,,,,,,,
912796ZR3,Bill,26-Week,12/27/2022,12/29/2022,06/29/2023,97.674444,0.04775,97.674444,,,,,,,
912796ZN2,Bill,52-Week,12/27/2022,12/29/2022,12/28/2023,95.434833,0.04741,95.434833,,,,,,,
91282CFR7,Note,4-Year 10-Month,12/22/2022,12/30/2022,10/15/2027,101.135096,,101.135096,0.01504,0.01625,,,AE-2027,,Yes
912796ZL6,Bill,4-Week,12/22/2022,12/27/2022,01/24/2023,99.719222,0.0367,99.719222,,,,,,,
912796Y60,Bill,8-Week,12/22/2022,12/27/2022,02/21/2023,99.380111,0.04066,99.380111,,,,,,,
912810TM0,Bond,19-Year 11-Month,12/21/2022,01/03/2023,11/15/2042,100.882504,,100.882504,0.03935,0.04,,,Bonds of November 2042,,Yes
912796CV9,Bill,17-Week,12/21/2022,12/27/2022,04/25/2023,98.537292,0.04553,98.537292,,,,,,,
912796U31,Bill,13-Week,12/19/2022,12/22/2022,03/23/2023,98.915583,0.04397,98.915583,,,,,,,
912796ZQ5,Bill,26-Week,12/19/2022,12/22/2022,06/22/2023,97.699722,0.04722,97.699722,,,,,,,
912796ZK8,Bill,4-Week,12/15/2022,12/20/2022,01/17/2023,99.706000,0.03844,99.706000,,,,,,,
912796ZU6,Bill,8-Week,12/15/2022,12/20/2022,02/14/2023,99.368444,0.04143,99.368444,,,,,,,
912796CU1,Bill,17-Week,12/14/2022,12/20/2022,04/18/2023,98.532333,0.04569,98.532333,,,,,,,
912810TL2,Bond,29-Year 11-Month,12/13/2022,12/15/2022,11/15/2052,108.967370,,108.967370,0.03513,0.04,,,Bonds of November 2052,,Yes
912796YL7,Bill,13-Week,12/12/2022,12/15/2022,03/16/2023,98.920639,0.04377,98.920639,,,,,,,
912796X53,Bill,26-Week,12/12/2022,12/15/2022,06/15/2023,97.659278,0.04807,97.659278,,,,,,,
91282CGA3,Note,3-Year,12/12/2022,12/15/2022,12/15/2025,99.739942,,99.739942,0.04093,0.04,,,AV-2025,,Yes
91282CFV8,Note,9-Year 11-Month,12/12/2022,12/15/2022,11/15/2032,104.129208,,104.129208,0.03625,0.04125,,,F-2032,,Yes
912796ZJ1,Bill,4-Week,12/08/2022,12/13/2022,01/10/2023,99.716111,0.03711,99.716111,,,,,,,
912796ZT9,Bill,8-Week,12/08/2022,12/13/2022,02/07/2023,99.387111,0.04019,99.387111,,,,,,,
912796CT4,Bill,17-Week,12/07/2022,12/13/2022,04/11/2023,98.545556,0.04527,98.545556,,,,,,,
912796YK9,Bill,13-Week,12/05/2022,12/08/2022,03/09/2023,98.920639,0.04377,98.920639,,,,,,,
912796ZP7,Bill,26-Week,12/05/2022,12/08/2022,06/08/2023,97.689611,0.04743,97.689611,,,,,,,
912796ZH5,Bill,4-Week,12/01/2022,12/06/2022,01/03/2023,99.692778,0.04017,99.692778,,,,,,,
912796ZM4,Bill,8-Week,12/01/2022,12/06/2022,01/31/2023,99.365333,0.04163,99.365333,,,,,,,
912796Z93,Bill,17-Week,11/30/2022,12/06/2022,04/04/2023,98.535639,0.04558,98.535639,,,,,,,
912796ZD4,Bill,52-Week,11/29/2022,12/01/2022,11/30/2023,95.394389,0.04784,95.394389,,,,,,,
912796YB9,Bill,13-Week,11/28/2022,12/01/2022,03/02/2023,98.916847,0.04392,98.916847,,,,,,,
912796ZG7,Bill,26-Week,11/28/2022,12/01/2022,06/01/2023,97.699722,0.04722,97.699722,,,,,,,
912796ZA0,Bill,4-Week,11/23/2022,11/29/2022,12/27/2022,99.691222,0.04038,99.691222,,,,,,,
912796ZL6,Bill,8-Week,11/23/2022,11/29/2022,01/24/2023,99.359111,0.04204,99.359111,,,,,,,
912796Z85,Bill,17-Week,11/23/2022,11/29/2022,03/28/2023,98.545556,0.04527,98.545556,,,,,,,
91282CFY2,Note,7-Year,11/22/2022,11/30/2022,11/30/2029,99.908851,,99.908851,0.0389,0.03875,,,S-2029,,Yes
91282CFS5,Note,1-Year 11-Month,11/22/2022,11/25/2022,10/31/2024,99.848062,,99.848062,,,,,BK-2024,0.0014,No
91282CFX4,Note,2-Year,11/21/2022,11/30/2022,11/30/2024,99.990539,,99.990539,0.04505,0.045,,,BL-2024,,Yes
91282CFZ9,Note,5-Year,11/21/2022,11/30/2022,11/30/2027,99.555059,,99.555059,0.03974,0.03875,,,AG-2027,,Yes
912796T33,Bill,13-Week,11/21/2022,11/25/2022,02/23/2023,98.945000,0.04324,98.945000,,,,,,,
912796ZF9,Bill,26-Week,11/21/2022,11/25/2022,05/25/2023,97.727444,0.04689,97.727444,,,,,,,
91282CEZ0,Note,9-Year 8-Month,11/17/2022,11/30/2022,07/15/2032,94.294626,,94.294626,0.01485,0.00625,,,D-2032,,Yes
912796X61,Bill,16-Day,11/17/2022,11/22/2022,12/08/2022,99.831111,0.03859,99.831111,,,,,,,
912796YZ6,Bill,4-Week,11/17/2022,11/22/2022,12/20/2022,99.704833,0.03859,99.704833,,,,,,,
912796ZK8,Bill,8-Week,11/17/2022,11/22/2022,01/17/2023,99.374667,0.04101,99.374667,,,,,,,
912810TM0,Bond,20-Year,11/16/2022,11/30/2022,11/15/2042,99.019661,,99.019661,0.04072,0.04,,,Bonds of November 2042,,Yes
912796Z77,Bill,17-Week,11/16/2022,11/22/2022,03/21/2023,98.572000,0.04443,98.572000,,,,,,,
912796YA1,Bill,13-Week,11/14/2022,11/17/2022,02/16/2023,98.949708,0.04257,98.949708,,,,,,,
912796W47,Bill,26-Week,11/14/2022,11/17/2022,05/18/2023,97.755333,0.04605,97.755333,,,,,,,
912796YY9,Bill,4-Week,11/10/2022,11/15/2022,12/13/2022,99.721556,0.0364,99.721556,,,,,,,
912796ZJ1,Bill,8-Week,11/10/2022,11/15/2022,01/10/2023,99.401111,0.03927,99.401111,,,,,,,
912810TL2,Bond,30-Year,11/10/2022,11/15/2022,11/15/2052,98.622933,,98.622933,0.0408,0.04,,,Bonds of November 2052,,Yes
912796Z69,Bill,17-Week,11/09/2022,11/15/2022,03/14/2023,98.578611,0.04423,98.578611,,,,,,,
91282CFV8,Note,10-Year,11/09/2022,11/15/2022,11/15/2032,99.878189,,99.878189,0.0414,0.04125,,,F-2032,,Yes
91282CFW6,Note,3-Year,11/08/2022,11/15/2022,11/15/2025,99.708904,,99.708904,0.04605,0.045,,,AU-2025,,Yes
912796XZ7,Bill,13-Week,11/07/2022,11/10/2022,02/09/2023,98.958556,0.04221,98.958556,,,,,,,
912796ZE2,Bill,26-Week,11/07/2022,11/10/2022,05/11/2023,97.730056,0.04658,97.730056,,,,,,,
912796YX1,Bill,4-Week,11/03/2022,11/08/2022,12/06/2022,99.718444,0.03681,99.718444,,,,,,,
912796ZH5,Bill,8-Week,11/03/2022,11/08/2022,01/03/2023,99.396444,0.03958,99.396444,,,,,,,
912796Y86,Bill,17-Week,11/02/2022,11/08/2022,03/07/2023,98.585222,0.04402,98.585222,,,,,,,
912796YT0,Bill,52-Week,11/01/2022,11/03/2022,11/02/2023,95.444944,0.0473,95.444944,,,,,,,
912796XT1,Bill,13-Week,10/31/2022,11/03/2022,02/02/2023,98.971194,0.04169,98.971194,,,,,,,
912796YW3,Bill,26-Week,10/31/2022,11/03/2022,05/04/2023,97.755333,0.04605,97.755333,,,,,,,
912796YS2,Bill,4-Week,10/27/2022,11/01/2022,11/29/2022,99.720000,0.0366,99.720000,,,,,,,
912796ZA0,Bill,8-Week,10/27/2022,11/01/2022,12/27/2022,99.405778,0.03896,99.405778,,,,,,,
91282CFT3,Note,7-Year,10/27/2022,10/31/2022,10/31/2029,99.836721,,99.836721,0.04027,0.04,,,R-2029,,Yes
912796Y78,Bill,17-Week,10/26/2022,11/01/2022,02/28/2023,98.618278,0.04297,98.618278,,,,,,,
91282CFS5,Note,2-Year,10/26/2022,10/31/2022,10/31/2024,100.000000,,100.000000,,,,,BK-2024,0.0014,No
91282CFU0,Note,5-Year,10/26/2022,10/31/2022,10/31/2027,99.700589,,99.700589,0.04192,0.04125,,,AF-2027,,Yes
91282CFQ9,Note,2-Year,10/25/2022,10/31/2022,10/31/2024,99.839071,,99.839071,0.0446,0.04375,,,BJ-2024,,Yes
912796S34,Bill,13-Week,10/24/2022,10/27/2022,01/26/2023,98.988889,0.04097,98.988889,,,,,,,
912796YV5,Bill,26-Week,10/24/2022,10/27/2022,04/27/2023,97.780611,0.04552,97.780611,,,,,,,
91282CFR7,Note,5-Year,10/20/2022,10/31/2022,10/15/2027,99.475435,,99.475435,0.01732,0.01625,,,AE-2027,,Yes
912796YR4,Bill,4-Week,10/20/2022,10/25/2022,11/22/2022,99.733222,0.03487,99.733222,,,,,,,
912796YZ6,Bill,8-Week,10/20/2022,10/25/2022,12/20/2022,99.426000,0.03763,99.426000,,,,,,,
912810TK4,Bond,19-Year 10-Month,10/19/2022,10/31/2022,08/15/2042,86.599384,,86.599384,0.04395,0.03375,,,Bonds of August 2042,,Yes
912796Y60,Bill,17-Week,10/19/2022,10/25/2022,02/21/2023,98.631500,0.04256,98.631500,,,,,,,
912796XS3,Bill,13-Week,10/17/2022,10/20/2022,01/19/2023,99.034389,0.03911,99.034389,,,,,,,
912796V48,Bill,26-Week,10/17/2022,10/20/2022,04/20/2023,97.853917,0.04398,97.853917,,,,,,,
912796YQ6,Bill,4-Week,10/13/2022,10/18/2022,11/15/2022,99.747222,0.03303,99.747222,,,,,,,
912796YY9,Bill,8-Week,10/13/2022,10/18/2022,12/13/2022,99.458667,0.03548,99.458667,,,,,,,
912810TJ7,Bond,29-Year 10-Month,10/13/2022,10/17/2022,08/15/2052,83.740689,,83.740689,0.0393,0.03,,,Bonds of August 2052,,Yes
912796ZU6,Bill,119-Day,10/12/2022,10/18/2022,02/14/2023,98.714139,0.03995,98.714139,,,,,,,
91282CFF3,Note,9-Year 10-Month,10/12/2022,10/17/2022,08/15/2032,90.449122,,90.449122,0.0393,0.0275,,,E-2032,,Yes
91282CFP1,Note,3-Year,10/11/2022,10/17/2022,10/15/2025,99.810402,,99.810402,0.04318,0.0425,,,AT-2025,,Yes
912796XR5,Bill,13-Week,10/11/2022,10/13/2022,01/12/2023,99.112750,0.03591,99.112750,,,,,,,
912796YU7,Bill,26-Week,10/11/2022,10/13/2022,04/13/2023,97.962611,0.04171,97.962611,,,,,,,
912796YP8,Bill,4-Week,10/06/2022,10/11/2022,11/08/2022,99.772889,0.02967,99.772889,,,,,,,
912796YX1,Bill,8-Week,10/06/2022,10/11/2022,12/06/2022,99.497556,0.03291,99.497556,,,,,,,
912796ZT9,Bill,119-Day,10/05/2022,10/11/2022,02/07/2023,98.776944,0.03798,98.776944,,,,,,,
912796YJ2,Bill,52-Week,10/04/2022,10/06/2022,10/05/2023,96.001056,0.04134,96.001056,,,,,,,
912796X95,Bill,13-Week,10/03/2022,10/06/2022,01/05/2023,99.155722,0.03415,99.155722,,,,,,,
912796YN3,Bill,26-Week,10/03/2022,10/06/2022,04/06/2023,98.053611,0.03981,98.053611,,,,,,,
912796YG8,Bill,4-Week,09/29/2022,10/04/2022,11/01/2022,99.793111,0.02703,99.793111,,,,,,,
912796YS2,Bill,8-Week,09/29/2022,10/04/2022,11/29/2022,99.523222,0.03122,99.523222,,,,,,,
912796ZM4,Bill,119-Day,09/28/2022,10/04/2022,01/31/2023,98.813306,0.03684,98.813306,,,,,,,
91282CFD8,Note,1-Year 10-Month,09/28/2022,09/30/2022,07/31/2024,99.899772,,99.899772,,,,,BF-2024,0.00037,No
91282CFL0,Note,7-Year,09/28/2022,09/30/2022,09/30/2029,99.860277,,99.860277,0.03898,0.03875,,,Q-2029,,Yes
91282CFM8,Note,5-Year,09/27/2022,09/30/2022,09/30/2027,99.540144,,99.540144,0.04228,0.04125,,,AD-2027,,Yes
91282CFN6,Note,2-Year,09/26/2022,09/30/2022,09/30/2024,99.924113,,99.924113,0.0429,0.0425,,,BH-2024,,Yes
912796R27,Bill,13-Week,09/26/2022,09/29/2022,12/29/2022,99.173417,0.03343,99.173417,,,,,,,
912796YM5,Bill,26-Week,09/26/2022,09/29/2022,03/30/2023,98.053611,0.03981,98.053611,,,,,,,
91282CEZ0,Note,9-Year 10-Month,09/22/2022,09/30/2022,07/15/2032,96.133470,,96.133470,0.01248,0.00625,,,D-2032,,Yes
912796YF0,Bill,4-Week,09/22/2022,09/27/2022,10/25/2022,99.793111,0.02703,99.793111,,,,,,,
912796YR4,Bill,8-Week,09/22/2022,09/27/2022,11/22/2022,99.534889,0.03046,99.534889,,,,,,,
912796ZL6,Bill,119-Day,09/21/2022,09/27/2022,01/24/2023,98.813306,0.03684,98.813306,,,,,,,
912810TK4,Bond,19-Year 11-Month,09/20/2022,09/30/2022,08/15/2042,93.835989,,93.835989,0.0382,0.03375,,,Bonds of August 2042,,Yes
912796X87,Bill,13-Week,09/19/2022,09/22/2022,12/22/2022,99.173417,0.03343,99.173417,,,,,,,
912796U31,Bill,26-Week,09/19/2022,09/22/2022,03/23/2023,98.089000,0.03907,98.089000,,,,,,,
912796YE3,Bill,4-Week,09/15/2022,09/20/2022,10/18/2022,99.792333,0.02713,99.792333,,,,,,,
912796YQ6,Bill,8-Week,09/15/2022,09/20/2022,11/15/2022,99.545000,0.02979,99.545000,,,,,,,
912796ZK8,Bill,119-Day,09/14/2022,09/20/2022,01/17/2023,98.826528,0.03642,98.826528,,,,,,,
912810TJ7,Bond,29-Year 11-Month,09/13/2022,09/15/2022,08/15/2052,90.579948,,90.579948,0.03511,0.03,,,Bonds of August 2052,,Yes
912796X79,Bill,13-Week,09/12/2022,09/15/2022,12/15/2022,99.222708,0.03142,99.222708,,,,,,,
912796YL7,Bill,26-Week,09/12/2022,09/15/2022,03/16/2023,98.248250,0.03576,98.248250,,,,,,,
91282CFK2,Note,3-Year,09/12/2022,09/15/2022,09/15/2025,99.819428,,99.819428,0.03564,0.035,,,AS-2025,,Yes
91282CFF3,Note,9-Year 11-Month,09/12/2022,09/15/2022,08/15/2032,95.132618,,95.132618,0.0333,0.0275,,,E-2032,,Yes
912796YD5,Bill,4-Week,09/08/2022,09/13/2022,10/11/2022,99.805556,0.0254,99.805556,,,,,,,
912796YP8,Bill,8-Week,09/08/2022,09/13/2022,11/08/2022,99.569889,0.02816,99.569889,,,,,,,
912796ZJ1,Bill,119-Day,09/07/2022,09/13/2022,01/10/2023,98.943875,0.03274,98.943875,,,,,,,
912796X61,Bill,13-Week,09/06/2022,09/08/2022,12/08/2022,99.250514,0.03029,99.250514,,,,,,,
912796YK9,Bill,26-Week,09/06/2022,09/08/2022,03/09/2023,98.321556,0.03424,98.321556,,,,,,,
912796YH6,Bill,52-Week,09/06/2022,09/08/2022,09/07/2023,96.501556,0.03603,96.501556,,,,,,,
912796YC7,Bill,4-Week,09/01/2022,09/06/2022,10/04/2022,99.807889,0.02509,99.807889,,,,,,,
912796YG8,Bill,8-Week,09/01/2022,09/06/2022,11/01/2022,99.575333,0.0278,99.575333,,,,,,,
912796ZH5,Bill,119-Day,08/31/2022,09/06/2022,01/03/2023,98.975278,0.03176,98.975278,,,,,,,
912796P94,Bill,13-Week,08/29/2022,09/01/2022,12/01/2022,99.272000,0.02941,99.272000,,,,,,,
912796YB9,Bill,26-Week,08/29/2022,09/01/2022,03/02/2023,98.364528,0.03334,98.364528,,,,,,,
91282CFJ5,Note,7-Year,08/25/2022,08/31/2022,08/31/2029,99.968787,,99.968787,0.0313,0.03125,,,P-2029,,Yes
912796XX2,Bill,4-Week,08/25/2022,08/30/2022,09/27/2022,99.820333,0.02346,99.820333,,,,,,,
912796YF0,Bill,8-Week,08/25/2022,08/30/2022,10/25/2022,99.594000,0.02657,99.594000,,,,,,,
91282CFH9,Note,5-Year,08/24/2022,08/31/2022,08/31/2027,99.518772,,99.518772,0.0323,0.03125,,,AC-2027,,Yes
912796ZA0,Bill,119-Day,08/24/2022,08/30/2022,12/27/2022,99.018250,0.03041,99.018250,,,,,,,
91282CFD8,Note,1-Year 11-Month,08/24/2022,08/26/2022,07/31/2024,99.898407,,99.898407,,,,,BF-2024,0.00037,No
91282CFG1,Note,2-Year,08/23/2022,08/31/2022,08/31/2024,99.890561,,99.890561,0.03307,0.0325,,,BG-2024,,Yes
912796U49,Bill,21-Day,08/23/2022,08/25/2022,09/15/2022,99.871667,0.02233,99.871667,,,,,,,
912796W70,Bill,13-Week,08/22/2022,08/25/2022,11/25/2022,99.299778,0.02798,99.299778,,,,,,,
912796T33,Bill,26-Week,08/22/2022,08/25/2022,02/23/2023,98.427722,0.03204,98.427722,,,,,,,
912810TE8,Bond,29-Year 6-Month,08/18/2022,08/31/2022,02/15/2052,84.615251,,84.615251,0.0092,0.00125,,,TIPS of February 2052,,Yes
912796XW4,Bill,4-Week,08/18/2022,08/23/2022,09/20/2022,99.832778,0.02184,99.832778,,,,,,,
912796YE3,Bill,8-Week,08/18/2022,08/23/2022,10/18/2022,99.612667,0.02534,99.612667,,,,,,,
912810TK4,Bond,20-Year,08/17/2022,08/31/2022,08/15/2042,99.925621,,99.925621,0.0338,0.03375,,,Bonds of August 2042,,Yes
912796YZ6,Bill,119-Day,08/17/2022,08/23/2022,12/20/2022,99.044694,0.02958,99.044694,,,,,,,
912796W62,Bill,13-Week,08/15/2022,08/18/2022,11/17/2022,99.340250,0.02664,99.340250,,,,,,,
912796YA1,Bill,26-Week,08/15/2022,08/18/2022,02/16/2023,98.473222,0.03109,98.473222,,,,,,,
912796XV6,Bill,4-Week,08/11/2022,08/16/2022,09/13/2022,99.832778,0.02184,99.832778,,,,,,,
912796YD5,Bill,8-Week,08/11/2022,08/16/2022,10/11/2022,99.622000,0.02473,99.622000,,,,,,,
912810TJ7,Bond,30-Year,08/11/2022,08/15/2022,08/15/2052,97.941002,,97.941002,0.03106,0.03,,,Bonds of August 2052,,Yes
912796YY9,Bill,119-Day,08/10/2022,08/16/2022,12/13/2022,99.081056,0.02845,99.081056,,,,,,,
91282CFF3,Note,10-Year,08/10/2022,08/15/2022,08/15/2032,99.956556,,99.956556,0.02755,0.0275,,,E-2032,,Yes
91282CFE6,Note,3-Year,08/09/2022,08/15/2022,08/15/2025,99.781411,,99.781411,0.03202,0.03125,,,AR-2025,,Yes
912796XY0,Bill,52-Week,08/09/2022,08/11/2022,08/10/2023,96.764444,0.03325,96.764444,,,,,,,
912796W54,Bill,13-Week,08/08/2022,08/11/2022,11/10/2022,99.347833,0.02633,99.347833,,,,,,,
912796XZ7,Bill,26-Week,08/08/2022,08/11/2022,02/09/2023,98.463111,0.0313,98.463111,,,,,,,
912796XU8,Bill,4-Week,08/04/2022,08/09/2022,09/06/2022,99.835889,0.02143,99.835889,,,,,,,
912796YC7,Bill,8-Week,08/04/2022,08/09/2022,10/04/2022,99.645333,0.0232,99.645333,,,,,,,
912796YX1,Bill,119-Day,08/03/2022,08/09/2022,12/06/2022,99.097583,0.02793,99.097583,,,,,,,
912796N96,Bill,13-Week,08/01/2022,08/04/2022,11/03/2022,99.370583,0.02541,99.370583,,,,,,,
912796XT1,Bill,26-Week,08/01/2022,08/04/2022,02/02/2023,98.559167,0.02932,98.559167,,,,,,,
912796XP9,Bill,4-Week,07/28/2022,08/02/2022,08/30/2022,99.833556,0.02173,99.833556,,,,,,,
912796XX2,Bill,8-Week,07/28/2022,08/02/2022,09/27/2022,99.656222,0.02248,99.656222,,,,,,,
91282CFC0,Note,7-Year,07/28/2022,08/01/2022,07/31/2029,99.335208,,99.335208,0.0273,0.02625,,,N-2029,,Yes
912796YS2,Bill,119-Day,07/27/2022,08/02/2022,11/29/2022,99.110806,0.02752,99.110806,,,,,,,
91282CFD8,Note,2-Year,07/27/2022,08/01/2022,07/31/2024,99.999954,,99.999954,,,,,BF-2024,0.00037,No
91282CFB2,Note,5-Year,07/26/2022,08/01/2022,07/31/2027,99.491044,,99.491044,0.0286,0.0275,,,AB-2027,,Yes
91282CFA4,Note,2-Year,07/25/2022,08/01/2022,07/31/2024,99.971015,,99.971015,0.03015,0.03,,,BE-2024,,Yes
912796V71,Bill,13-Week,07/25/2022,07/28/2022,10/27/2022,99.363000,0.02571,99.363000,,,,,,,
912796S34,Bill,26-Week,07/25/2022,07/28/2022,01/26/2023,98.523778,0.03005,98.523778,,,,,,,
91282CEZ0,Note,10-Year,07/21/2022,07/29/2022,07/15/2032,100.446487,,100.446487,0.0063,0.00625,,,D-2032,,Yes
912796XN4,Bill,4-Week,07/21/2022,07/26/2022,08/23/2022,99.835111,0.02153,99.835111,,,,,,,
912796XW4,Bill,8-Week,07/21/2022,07/26/2022,09/20/2022,99.653111,0.02269,99.653111,,,,,,,
912810TH1,Bond,19-Year 10-Month,07/20/2022,08/01/2022,05/15/2042,97.563393,,97.563393,0.0342,0.0325,,,Bonds of May 2042,,Yes
912796YR4,Bill,119-Day,07/20/2022,07/26/2022,11/22/2022,99.100889,0.02783,99.100889,,,,,,,
912796V63,Bill,13-Week,07/18/2022,07/21/2022,10/20/2022,99.375639,0.0252,99.375639,,,,,,,
912796XS3,Bill,26-Week,07/18/2022,07/21/2022,01/19/2023,98.528833,0.02994,98.528833,,,,,,,
912796XM6,Bill,4-Week,07/14/2022,07/19/2022,08/16/2022,99.846000,0.02011,99.846000,,,,,,,
912796XV6,Bill,8-Week,07/14/2022,07/19/2022,09/13/2022,99.646889,0.0231,99.646889,,,,,,,
91282CEL1,Note,1-Year 10-Month,07/14/2022,07/18/2022,04/30/2024,99.884582,,99.884582,,,,,BB-2024,-0.00075,No
912796YQ6,Bill,119-Day,07/13/2022,07/19/2022,11/15/2022,99.140556,0.02659,99.140556,,,,,,,
912810TG3,Bond,29-Year 10-Month,07/13/2022,07/15/2022,05/15/2052,95.354138,,95.354138,0.03115,0.02875,,,Bonds of May 2052,,Yes
91282CEP2,Note,9-Year 10-Month,07/12/2022,07/15/2022,05/15/2032,99.274623,,99.274623,0.0296,0.02875,,,C-2032,,Yes
912796XQ7,Bill,52-Week,07/12/2022,07/14/2022,07/13/2023,97.007111,0.0307,97.007111,,,,,,,
91282CEY3,Note,3-Year,07/11/2022,07/15/2022,07/15/2025,99.735500,,99.735500,0.03093,0.03,,,AQ-2025,,Yes
912796V55,Bill,13-Week,07/11/2022,07/14/2022,10/13/2022,99.466639,0.02151,99.466639,,,,,,,
912796XR5,Bill,26-Week,07/11/2022,07/14/2022,01/12/2023,98.642583,0.0276,98.642583,,,,,,,
912796XL8,Bill,4-Week,07/07/2022,07/12/2022,08/09/2022,99.881000,0.01553,99.881000,,,,,,,
912796XU8,Bill,8-Week,07/07/2022,07/12/2022,09/06/2022,99.713778,0.01871,99.713778,,,,,,,
912796YP8,Bill,119-Day,07/06/2022,07/12/2022,11/08/2022,99.262861,0.02278,99.262861,,,,,,,
912796M89,Bill,13-Week,07/05/2022,07/07/2022,10/06/2022,99.532361,0.01885,99.532361,,,,,,,
912796X95,Bill,26-Week,07/05/2022,07/07/2022,01/05/2023,98.736111,0.02567,98.736111,,,,,,,
912796X46,Bill,4-Week,06/30/2022,07/05/2022,08/02/2022,99.903556,0.01258,99.903556,,,,,,,
912796XP9,Bill,8-Week,06/30/2022,07/05/2022,08/30/2022,99.743333,0.01677,99.743333,,,,,,,
912796YG8,Bill,119-Day,06/29/2022,07/05/2022,11/01/2022,99.277736,0.02231,99.277736,,,,,,,
91282CEV9,Note,7-Year,06/28/2022,06/30/2022,06/30/2029,99.813719,,99.813719,0.0328,0.0325,,,M-2029,,Yes
912796U64,Bill,13-Week,06/27/2022,06/30/2022,09/29/2022,99.557639,0.01782,99.557639,,,,,,,
912796R27,Bill,26-Week,06/27/2022,06/30/2022,12/29/2022,98.736111,0.02567,98.736111,,,,,,,
91282CEX5,Note,2-Year,06/27/2022,06/30/2022,06/30/2024,99.838282,,99.838282,0.03084,0.03,,,BD-2024,,Yes
91282CEW7,Note,5-Year,06/27/2022,06/30/2022,06/30/2027,99.903859,,99.903859,0.03271,0.0325,,,AA-2027,,Yes
91282CEJ6,Note,4-Year 10-Month,06/23/2022,06/30/2022,04/15/2027,101.224234,,101.224234,0.00362,0.00125,,,X-2027,,Yes
912796X38,Bill,4-Week,06/23/2022,06/28/2022,07/26/2022,99.914444,0.01116,99.914444,,,,,,,
912796XN4,Bill,8-Week,06/23/2022,06/28/2022,08/23/2022,99.766667,0.01524,99.766667,,,,,,,
912810TH1,Bond,19-Year 11-Month,06/22/2022,06/30/2022,05/15/2042,96.603091,,96.603091,0.03488,0.0325,,,Bonds of May 2042,,Yes
912796YF0,Bill,119-Day,06/22/2022,06/28/2022,10/25/2022,99.319056,0.02103,99.319056,,,,,,,
91282CEL1,Note,1-Year 10-Month,06/22/2022,06/24/2022,04/30/2024,99.866853,,99.866853,,,,,BB-2024,-0.00075,No
912796U56,Bill,13-Week,06/21/2022,06/23/2022,09/22/2022,99.577861,0.017,99.577861,,,,,,,
912796X87,Bill,26-Week,06/21/2022,06/23/2022,12/22/2022,98.791722,0.02453,98.791722,,,,,,,
912796X20,Bill,4-Week,06/16/2022,06/21/2022,07/19/2022,99.908222,0.01197,99.908222,,,,,,,
912796XM6,Bill,8-Week,06/16/2022,06/21/2022,08/16/2022,99.771333,0.01494,99.771333,,,,,,,
912796YE3,Bill,119-Day,06/15/2022,06/21/2022,10/18/2022,99.309139,0.02134,99.309139,,,,,,,
912796X53,Bill,52-Week,06/14/2022,06/16/2022,06/15/2023,96.946444,0.03134,96.946444,,,,,,,
912796U49,Bill,13-Week,06/13/2022,06/16/2022,09/15/2022,99.585444,0.0167,99.585444,,,,,,,
912796X79,Bill,26-Week,06/13/2022,06/16/2022,12/15/2022,98.908000,0.02214,98.908000,,,,,,,
912810TG3,Bond,29-Year 11-Month,06/09/2022,06/15/2022,05/15/2052,94.045539,,94.045539,0.03185,0.02875,,,Bonds of May 2052,,Yes
912796W96,Bill,4-Week,06/09/2022,06/14/2022,07/12/2022,99.919111,0.01055,99.919111,,,,,,,
912796XL8,Bill,8-Week,06/09/2022,06/14/2022,08/09/2022,99.821111,0.01168,99.821111,,,,,,,
91282CEP2,Note,9-Year 11-Month,06/08/2022,06/15/2022,05/15/2032,98.677928,,98.677928,0.0303,0.02875,,,C-2032,,Yes
912796YD5,Bill,119-Day,06/08/2022,06/14/2022,10/11/2022,99.500861,0.01539,99.500861,,,,,,,
91282CEU1,Note,3-Year,06/07/2022,06/15/2022,06/15/2025,99.851689,,99.851689,0.02927,0.02875,,,AP-2025,,Yes
912796M71,Bill,13-Week,06/06/2022,06/09/2022,09/08/2022,99.689083,0.01251,99.689083,,,,,,,
912796X61,Bill,26-Week,06/06/2022,06/09/2022,12/08/2022,99.135500,0.01749,99.135500,,,,,,,
912796W88,Bill,4-Week,06/02/2022,06/07/2022,07/05/2022,99.933111,0.00873,99.933111,,,,,,,
912796X46,Bill,8-Week,06/02/2022,06/07/2022,08/02/2022,99.838222,0.01056,99.838222,,,,,,,
912796YC7,Bill,119-Day,06/01/2022,06/07/2022,10/04/2022,99.540528,0.01416,99.540528,,,,,,,
912796T66,Bill,13-Week,05/31/2022,06/02/2022,09/01/2022,99.716889,0.01139,99.716889,,,,,,,
912796P94,Bill,26-Week,05/31/2022,06/02/2022,12/01/2022,99.201222,0.01615,99.201222,,,,,,,
912796W39,Bill,4-Week,05/26/2022,05/31/2022,06/28/2022,99.942444,0.00751,99.942444,,,,,,,
912796X38,Bill,8-Week,05/26/2022,05/31/2022,07/26/2022,99.857667,0.00929,99.857667,,,,,,,
91282CES6,Note,7-Year,05/26/2022,05/31/2022,05/31/2029,99.829306,,99.829306,0.02777,0.0275,,,L-2029,,Yes
912796XX2,Bill,119-Day,05/25/2022,05/31/2022,09/27/2022,99.576889,0.01303,99.576889,,,,,,,
91282CET4,Note,5-Year,05/25/2022,05/31/2022,05/31/2027,99.484571,,99.484571,0.02736,0.02625,,,Z-2027,,Yes
91282CEL1,Note,1-Year 11-Month,05/25/2022,05/27/2022,04/30/2024,99.854908,,99.854908,,,,,BB-2024,-0.00075,No
91282CER8,Note,2-Year,05/24/2022,05/31/2022,05/31/2024,99.963167,,99.963167,0.02519,0.025,,,BC-2024,,Yes
912796T58,Bill,13-Week,05/23/2022,05/26/2022,08/25/2022,99.732056,0.01078,99.732056,,,,,,,
912796W70,Bill,26-Week,05/23/2022,05/26/2022,11/25/2022,99.222250,0.01563,99.222250,,,,,,,
91282CDX6,Note,9-Year 8-Month,05/19/2022,05/31/2022,01/15/2032,102.616800,,102.616800,0.00232,0.00125,,,A-2032,,Yes
912796W21,Bill,4-Week,05/19/2022,05/24/2022,06/21/2022,99.950222,0.00649,99.950222,,,,,,,
912796X20,Bill,8-Week,05/19/2022,05/24/2022,07/19/2022,99.860000,0.00914,99.860000,,,,,,,
912810TH1,Bond,20-Year,05/18/2022,05/31/2022,05/15/2042,99.416025,,99.416025,0.0329,0.0325,,,Bonds of May 2042,,Yes
912796XW4,Bill,119-Day,05/18/2022,05/24/2022,09/20/2022,99.586806,0.01273,99.586806,,,,,,,
912796W47,Bill,52-Week,05/18/2022,05/19/2022,05/18/2023,97.876667,0.02164,97.876667,,,,,,,
912796T41,Bill,13-Week,05/16/2022,05/19/2022,08/18/2022,99.734583,0.01067,99.734583,,,,,,,
912796W62,Bill,26-Week,05/16/2022,05/19/2022,11/17/2022,99.246722,0.01522,99.246722,,,,,,,
912796V97,Bill,4-Week,05/12/2022,05/17/2022,06/14/2022,99.953333,0.00609,99.953333,,,,,,,
912796W96,Bill,8-Week,05/12/2022,05/17/2022,07/12/2022,99.882556,0.00766,99.882556,,,,,,,
912810TG3,Bond,30-Year,05/12/2022,05/16/2022,05/15/2052,97.596896,,97.596896,0.02997,0.02875,,,Bonds of May 2052,,Yes
912796XV6,Bill,119-Day,05/11/2022,05/17/2022,09/13/2022,99.616556,0.01181,99.616556,,,,,,,
91282CEP2,Note,10-Year,05/11/2022,05/16/2022,05/15/2032,99.414646,,99.414646,0.02943,0.02875,,,C-2032,,Yes
91282CEQ0,Note,3-Year,05/10/2022,05/16/2022,05/15/2025,99.831427,,99.831427,0.02809,0.0275,,,AN-2025,,Yes
912796L64,Bill,13-Week,05/09/2022,05/12/2022,08/11/2022,99.772500,0.00915,99.772500,,,,,,,
912796W54,Bill,26-Week,05/09/2022,05/12/2022,11/10/2022,99.299806,0.01414,99.299806,,,,,,,
912796V89,Bill,4-Week,05/05/2022,05/10/2022,06/07/2022,99.961889,0.00497,99.961889,,,,,,,
912796W88,Bill,8-Week,05/05/2022,05/10/2022,07/05/2022,99.889556,0.00721,99.889556,,,,,,,
912796XU8,Bill,119-Day,05/04/2022,05/10/2022,09/06/2022,99.595069,0.01247,99.595069,,,,,,,
912796S67,Bill,13-Week,05/02/2022,05/05/2022,08/04/2022,99.769972,0.00925,99.769972,,,,,,,
912796N96,Bill,26-Week,05/02/2022,05/05/2022,11/03/2022,99.282111,0.0145,99.282111,,,,,,,
912796V30,Bill,4-Week,04/28/2022,05/03/2022,05/31/2022,99.962667,0.00487,99.962667,,,,,,,
912796W39,Bill,8-Week,04/28/2022,05/03/2022,06/28/2022,99.889556,0.00721,99.889556,,,,,,,
91282CEM9,Note,7-Year,04/28/2022,05/02/2022,04/30/2029,99.792275,,99.792275,0.02908,0.02875,,,K-2029,,Yes
912796XP9,Bill,119-Day,04/27/2022,05/03/2022,08/30/2022,99.633083,0.0113,99.633083,,,,,,,
91282CEL1,Note,2-Year,04/27/2022,05/02/2022,04/30/2024,99.999991,,99.999991,,,,,BB-2024,-0.00075,No
91282CEN7,Note,5-Year,04/27/2022,05/02/2022,04/30/2027,99.837649,,99.837649,0.02785,0.0275,,,Y-2027,,Yes
91282CEK3,Note,2-Year,04/26/2022,05/02/2022,04/30/2024,99.835616,,99.835616,0.02585,0.025,,,BA-2024,,Yes
912796S59,Bill,13-Week,04/25/2022,04/28/2022,07/28/2022,99.775028,0.00904,99.775028,,,,,,,
912796V71,Bill,26-Week,04/25/2022,04/28/2022,10/27/2022,99.307389,0.01399,99.307389,,,,,,,
91282CEJ6,Note,5-Year,04/21/2022,04/29/2022,04/15/2027,102.762649,,102.762649,-0.0034,0.00125,,,X-2027,,Yes
912796V22,Bill,4-Week,04/21/2022,04/26/2022,05/24/2022,99.961111,0.00507,99.961111,,,,,,,
912796W21,Bill,8-Week,04/21/2022,04/26/2022,06/21/2022,99.902778,0.00634,99.902778,,,,,,,
912810TF5,Bond,19-Year 10-Month,04/20/2022,05/02/2022,02/15/2042,89.399717,,89.399717,0.03095,0.02375,,,Bonds of February 2042,,Yes
912796XN4,Bill,119-Day,04/20/2022,04/26/2022,08/23/2022,99.646306,0.01089,99.646306,,,,,,,
912796V48,Bill,52-Week,04/19/2022,04/21/2022,04/20/2023,98.109222,0.01923,98.109222,,,,,,,
912796S42,Bill,13-Week,04/18/2022,04/21/2022,07/21/2022,99.782611,0.00874,99.782611,,,,,,,
912796V63,Bill,26-Week,04/18/2022,04/21/2022,10/20/2022,99.368056,0.01275,99.368056,,,,,,,
912796U98,Bill,4-Week,04/14/2022,04/19/2022,05/17/2022,99.971222,0.00375,99.971222,,,,,,,
912796V97,Bill,8-Week,04/14/2022,04/19/2022,06/14/2022,99.911333,0.00578,99.911333,,,,,,,
912796XM6,Bill,119-Day,04/13/2022,04/19/2022,08/16/2022,99.681014,0.00982,99.681014,,,,,,,
912810TD0,Bond,29-Year 10-Month,04/13/2022,04/18/2022,02/15/2052,88.643787,,88.643787,0.02815,0.0225,,,Bonds of February 2052,,Yes
91282CDY4,Note,9-Year 10-Month,04/12/2022,04/18/2022,02/15/2032,92.751781,,92.751781,0.0272,0.01875,,,B-2032,,Yes
91282CEH0,Note,3-Year,04/11/2022,04/18/2022,04/15/2025,99.677225,,99.677225,0.02738,0.02625,,,AM-2025,,Yes
912796K57,Bill,13-Week,04/11/2022,04/14/2022,07/14/2022,99.801569,0.00797,99.801569,,,,,,,
912796V55,Bill,26-Week,04/11/2022,04/14/2022,10/13/2022,99.383222,0.01245,99.383222,,,,,,,
912796U80,Bill,4-Week,04/07/2022,04/12/2022,05/10/2022,99.984056,0.00208,99.984056,,,,,,,
912796V89,Bill,8-Week,04/07/2022,04/12/2022,06/07/2022,99.922222,0.00507,99.922222,,,,,,,
912796XL8,Bill,119-Day,04/06/2022,04/12/2022,08/09/2022,99.699194,0.00925,99.699194,,,,,,,
912796R68,Bill,13-Week,04/04/2022,04/07/2022,07/07/2022,99.830639,0.0068,99.830639,,,,,,,
912796M89,Bill,26-Week,04/04/2022,04/07/2022,10/06/2022,99.438833,0.01132,99.438833,,,,,,,
912796U72,Bill,4-Week,03/31/2022,04/05/2022,05/03/2022,99.989500,0.00137,99.989500,,,,,,,
912796V30,Bill,8-Week,03/31/2022,04/05/2022,05/31/2022,99.940889,0.00386,99.940889,,,,,,,
912796X46,Bill,119-Day,03/30/2022,04/05/2022,08/02/2022,99.733903,0.00818,99.733903,,,,,,,
91282CEE7,Note,7-Year,03/29/2022,03/31/2022,03/31/2029,99.208197,,99.208197,0.02499,0.02375,,,J-2029,,Yes
912796R50,Bill,13-Week,03/28/2022,03/31/2022,06/30/2022,99.847069,0.00614,99.847069,,,,,,,
912796U64,Bill,26-Week,03/28/2022,03/31/2022,09/29/2022,99.469167,0.0107,99.469167,,,,,,,
91282CEG2,Note,2-Year,03/28/2022,03/31/2022,03/31/2024,99.776642,,99.776642,0.02365,0.0225,,,AZ-2024,,Yes
91282CEF4,Note,5-Year,03/28/2022,03/31/2022,03/31/2027,99.799301,,99.799301,0.02543,0.025,,,W-2027,,Yes
91282CDX6,Note,9-Year 10-Month,03/24/2022,03/31/2022,01/15/2032,108.705125,,108.705125,-0.00589,0.00125,,,A-2032,,Yes
912796U23,Bill,4-Week,03/24/2022,03/29/2022,04/26/2022,99.989500,0.00137,99.989500,,,,,,,
912796V22,Bill,8-Week,03/24/2022,03/29/2022,05/24/2022,99.953333,0.00304,99.953333,,,,,,,
912810TF5,Bond,19-Year 11-Month,03/23/2022,03/31/2022,02/15/2042,95.753797,,95.753797,0.02651,0.02375,,,Bonds of February 2042,,Yes
912796X38,Bill,119-Day,03/23/2022,03/29/2022,07/26/2022,99.765306,0.00722,99.765306,,,,,,,
91282CDU2,Note,1-Year 10-Month,03/23/2022,03/25/2022,01/31/2024,100.074861,,100.074861,,,,,AX-2024,-0.00015,No
912796U31,Bill,52-Week,03/22/2022,03/24/2022,03/23/2023,98.392333,0.01632,98.392333,,,,,,,
912796R43,Bill,13-Week,03/21/2022,03/24/2022,06/23/2022,99.878667,0.00487,99.878667,,,,,,,
912796U56,Bill,26-Week,03/21/2022,03/24/2022,09/22/2022,99.560167,0.00886,99.560167,,,,,,,
912796T90,Bill,4-Week,03/17/2022,03/22/2022,04/19/2022,99.985222,0.00193,99.985222,,,,,,,
912796U98,Bill,8-Week,03/17/2022,03/22/2022,05/17/2022,99.953333,0.00304,99.953333,,,,,,,
912796X20,Bill,119-Day,03/16/2022,03/22/2022,07/19/2022,99.780181,0.00676,99.780181,,,,,,,
912796J42,Bill,13-Week,03/14/2022,03/17/2022,06/16/2022,99.886250,0.00457,99.886250,,,,,,,
912796U49,Bill,26-Week,03/14/2022,03/17/2022,09/15/2022,99.585444,0.00835,99.585444,,,,,,,
912796T82,Bill,4-Week,03/10/2022,03/15/2022,04/12/2022,99.984833,0.00198,99.984833,,,,,,,
912796U80,Bill,8-Week,03/10/2022,03/15/2022,05/10/2022,99.958778,0.00269,99.958778,,,,,,,
912810TD0,Bond,29-Year 11-Month,03/10/2022,03/15/2022,02/15/2052,97.331824,,97.331824,0.02375,0.0225,,,Bonds of February 2052,,Yes
912796W96,Bill,119-Day,03/09/2022,03/15/2022,07/12/2022,99.818194,0.00559,99.818194,,,,,,,
91282CDY4,Note,9-Year 11-Month,03/09/2022,03/15/2022,02/15/2032,99.594019,,99.594019,0.0192,0.01875,,,B-2032,,Yes
91282CED9,Note,3-Year,03/08/2022,03/15/2022,03/15/2025,99.927276,,99.927276,0.01775,0.0175,,,AL-2025,,Yes
912796R35,Bill,13-Week,03/07/2022,03/10/2022,06/09/2022,99.903944,0.00386,99.903944,,,,,,,
912796M71,Bill,26-Week,03/07/2022,03/10/2022,09/08/2022,99.641056,0.00722,99.641056,,,,,,,
912796T74,Bill,4-Week,03/03/2022,03/08/2022,04/05/2022,99.987167,0.00167,99.987167,,,,,,,
912796U72,Bill,8-Week,03/03/2022,03/08/2022,05/03/2022,99.968111,0.00208,99.968111,,,,,,,
912796W88,Bill,119-Day,03/02/2022,03/08/2022,07/05/2022,99.823153,0.00543,99.823153,,,,,,,
912796Q44,Bill,13-Week,02/28/2022,03/03/2022,06/02/2022,99.909000,0.00365,99.909000,,,,,,,
912796T66,Bill,26-Week,02/28/2022,03/03/2022,09/01/2022,99.661278,0.00682,99.661278,,,,,,,
912796T25,Bill,4-Week,02/24/2022,03/01/2022,03/29/2022,99.996111,0.00051,99.996111,,,,,,,
912796U23,Bill,8-Week,02/24/2022,03/01/2022,04/26/2022,99.968889,0.00203,99.968889,,,,,,,
91282CEB3,Note,7-Year,02/24/2022,02/28/2022,02/28/2029,99.804270,,99.804270,0.01905,0.01875,,,H-2029,,Yes
912796W39,Bill,119-Day,02/23/2022,03/01/2022,06/28/2022,99.811583,0.00579,99.811583,,,,,,,
91282CEC1,Note,5-Year,02/23/2022,02/28/2022,02/28/2027,99.976245,,99.976245,0.0188,0.01875,,,V-2027,,Yes
91282CDU2,Note,1-Year 11-Month,02/23/2022,02/25/2022,01/31/2024,100.068232,,100.068232,,,,,AX-2024,-0.00015,No
91282CEA5,Note,2-Year,02/22/2022,02/28/2022,02/29/2024,99.896026,,99.896026,0.01553,0.015,,,AY-2024,,Yes
912796Q36,Bill,13-Week,02/22/2022,02/24/2022,05/26/2022,99.903944,0.00386,99.903944,,,,,,,
912796T58,Bill,26-Week,02/22/2022,02/24/2022,08/25/2022,99.641056,0.00722,99.641056,,,,,,,
912796T33,Bill,52-Week,02/22/2022,02/24/2022,02/23/2023,98.842278,0.01171,98.842278,,,,,,,
912810TE8,Bond,30-Year,02/17/2022,02/28/2022,02/15/2052,98.102682,,98.102682,0.00195,0.00125,,,TIPS of February 2052,,Yes
912796S91,Bill,4-Week,02/17/2022,02/22/2022,03/22/2022,99.993778,0.00081,99.993778,,,,,,,
912796T90,Bill,8-Week,02/17/2022,02/22/2022,04/19/2022,99.961111,0.00254,99.961111,,,,,,,
912810TF5,Bond,20-Year,02/16/2022,02/28/2022,02/15/2042,99.667386,,99.667386,0.02396,0.02375,,,Bonds of February 2042,,Yes
912796W21,Bill,119-Day,02/16/2022,02/22/2022,06/21/2022,99.818194,0.00559,99.818194,,,,,,,
912796H44,Bill,13-Week,02/14/2022,02/17/2022,05/19/2022,99.888778,0.00447,99.888778,,,,,,,
912796T41,Bill,26-Week,02/14/2022,02/17/2022,08/18/2022,99.610722,0.00784,99.610722,,,,,,,
912796S83,Bill,4-Week,02/10/2022,02/15/2022,03/15/2022,99.998444,0.0002,99.998444,,,,,,,
912796T82,Bill,8-Week,02/10/2022,02/15/2022,04/12/2022,99.961111,0.00254,99.961111,,,,,,,
912810TD0,Bond,30-Year,02/10/2022,02/15/2022,02/15/2052,98.067757,,98.067757,0.0234,0.0225,,,Bonds of February 2052,,Yes
912796V97,Bill,119-Day,02/09/2022,02/15/2022,06/14/2022,99.857861,0.00437,99.857861,,,,,,,
91282CDY4,Note,10-Year,02/09/2022,02/15/2022,02/15/2032,99.737071,,99.737071,0.01904,0.01875,,,B-2032,,Yes
91282CDZ1,Note,3-Year,02/08/2022,02/15/2022,02/15/2025,99.731529,,99.731529,0.01592,0.015,,,AK-2025,,Yes
912796Q28,Bill,13-Week,02/07/2022,02/10/2022,05/12/2022,99.926694,0.00294,99.926694,,,,,,,
912796L64,Bill,26-Week,02/07/2022,02/10/2022,08/11/2022,99.706778,0.0059,99.706778,,,,,,,
912796S75,Bill,4-Week,02/03/2022,02/08/2022,03/08/2022,99.997278,0.00035,99.997278,,,,,,,
912796T74,Bill,8-Week,02/03/2022,02/08/2022,04/05/2022,99.978222,0.00142,99.978222,,,,,,,
912796V89,Bill,119-Day,02/02/2022,02/08/2022,06/07/2022,99.887611,0.00345,99.887611,,,,,,,
912796P45,Bill,13-Week,01/31/2022,02/03/2022,05/05/2022,99.939333,0.00243,99.939333,,,,,,,
912796S67,Bill,26-Week,01/31/2022,02/03/2022,08/04/2022,99.747222,0.00508,99.747222,,,,,,,
912796S26,Bill,4-Week,01/27/2022,02/01/2022,03/01/2022,99.997278,0.00035,99.997278,,,,,,,
912796T25,Bill,8-Week,01/27/2022,02/01/2022,03/29/2022,99.978222,0.00142,99.978222,,,,,,,
91282CDW8,Note,7-Year,01/27/2022,01/31/2022,01/31/2029,99.875422,,99.875422,0.01769,0.0175,,,G-2029,,Yes
912796V30,Bill,119-Day,01/26/2022,02/01/2022,05/31/2022,99.907444,0.00284,99.907444,,,,,,,
91282CDU2,Note,2-Year,01/26/2022,01/31/2022,01/31/2024,100.000000,,100.000000,,,,,AX-2024,-0.00015,No
912828Z78,Note,5-Year,01/25/2022,01/31/2022,01/31/2027,99.841748,,99.841748,0.01533,0.015,,,G-2027,,Yes
912796S34,Bill,52-Week,01/25/2022,01/27/2022,01/26/2023,99.363000,0.00642,99.363000,,,,,,,
91282CDV0,Note,2-Year,01/24/2022,01/31/2022,01/31/2024,99.772818,,99.772818,0.0099,0.00875,,,AW-2024,,Yes
912796P37,Bill,13-Week,01/24/2022,01/27/2022,04/28/2022,99.951972,0.00193,99.951972,,,,,,,
912796S59,Bill,26-Week,01/24/2022,01/27/2022,07/28/2022,99.807889,0.00386,99.807889,,,,,,,
91282CDX6,Note,10-Year,01/20/2022,01/31/2022,01/15/2032,107.081463,,107.081463,-0.0054,0.00125,,,A-2032,,Yes
912796R92,Bill,4-Week,01/20/2022,01/25/2022,02/22/2022,99.996889,0.00041,99.996889,,,,,,,
912796S91,Bill,8-Week,01/20/2022,01/25/2022,03/22/2022,99.986778,0.00086,99.986778,,,,,,,
912810TC2,Bond,19-Year 10-Month,01/19/2022,01/31/2022,11/15/2041,96.646052,,96.646052,0.0221,0.02,,,Bonds of November 2041,,Yes
912796V22,Bill,119-Day,01/19/2022,01/25/2022,05/24/2022,99.909097,0.00279,99.909097,,,,,,,
912796G45,Bill,13-Week,01/18/2022,01/20/2022,04/21/2022,99.957028,0.00172,99.957028,,,,,,,
912796S42,Bill,26-Week,01/18/2022,01/20/2022,07/21/2022,99.815472,0.00371,99.815472,,,,,,,
912796R84,Bill,4-Week,01/13/2022,01/18/2022,02/15/2022,99.996889,0.00041,99.996889,,,,,,,
912796S83,Bill,8-Week,01/13/2022,01/18/2022,03/15/2022,99.992222,0.00051,99.992222,,,,,,,
912810TB4,Bond,29-Year 10-Month,01/13/2022,01/18/2022,11/15/2051,95.566819,,95.566819,0.02075,0.01875,,,Bonds of November 2051,,Yes
912796U98,Bill,119-Day,01/12/2022,01/18/2022,05/17/2022,99.933889,0.00203,99.933889,,,,,,,
91282CDJ7,Note,9-Year 10-Month,01/12/2022,01/18/2022,11/15/2031,96.866042,,96.866042,0.01723,0.01375,,,F-2031,,Yes
91282CDS7,Note,3-Year,01/11/2022,01/18/2022,01/15/2025,99.671988,,99.671988,0.01237,0.01125,,,AJ-2025,,Yes
912796P29,Bill,13-Week,01/10/2022,01/13/2022,04/14/2022,99.969667,0.00122,99.969667,,,,,,,
912796K57,Bill,26-Week,01/10/2022,01/13/2022,07/14/2022,99.860972,0.00279,99.860972,,,,,,,
912796R76,Bill,4-Week,01/06/2022,01/11/2022,02/08/2022,99.996111,0.00051,99.996111,,,,,,,
912796S75,Bill,8-Week,01/06/2022,01/11/2022,03/08/2022,99.991444,0.00056,99.991444,,,,,,,
912796U80,Bill,119-Day,01/05/2022,01/11/2022,05/10/2022,99.950417,0.00152,99.950417,,,,,,,
912796N47,Bill,13-Week,01/03/2022,01/06/2022,04/07/2022,99.977250,0.00091,99.977250,,,,,,,
912796R68,Bill,26-Week,01/03/2022,01/06/2022,07/07/2022,99.888778,0.00223,99.888778,,,,,,,
912796Q93,Bill,4-Week,12/30/2021,01/04/2022,02/01/2022,99.995722,0.00056,99.995722,,,,,,,
912796S26,Bill,8-Week,12/30/2021,01/04/2022,03/01/2022,99.991444,0.00056,99.991444,,,,,,,
912796U72,Bill,119-Day,12/29/2021,01/04/2022,05/03/2022,99.958681,0.00127,99.958681,,,,,,,
91282CDE8,Note,1-Year 10-Month,12/29/2021,12/31/2021,10/31/2023,100.009279,,100.009279,,,,,BJ-2023,0.00035,No
91282CDP3,Note,7-Year,12/29/2021,12/31/2021,12/31/2028,99.304232,,99.304232,0.0148,0.01375,,,T-2028,,Yes
91282CDQ1,Note,5-Year,12/28/2021,12/31/2021,12/31/2026,99.937202,,99.937202,0.01263,0.0125,,,AH-2026,,Yes
912796R27,Bill,52-Week,12/28/2021,12/30/2021,12/29/2022,99.605667,0.00397,99.605667,,,,,,,
91282CDR9,Note,2-Year,12/27/2021,12/31/2021,12/31/2023,99.962362,,99.962362,0.00769,0.0075,,,BL-2023,,Yes
912796N39,Bill,13-Week,12/27/2021,12/30/2021,03/31/2022,99.978514,0.00086,99.978514,,,,,,,
912796R50,Bill,26-Week,12/27/2021,12/30/2021,06/30/2022,99.893833,0.00213,99.893833,,,,,,,
912796Q85,Bill,4-Week,12/23/2021,12/28/2021,01/25/2022,99.996889,0.00041,99.996889,,,,,,,
912796R92,Bill,8-Week,12/23/2021,12/28/2021,02/22/2022,99.992222,0.00051,99.992222,,,,,,,
91282CDC2,Note,4-Year 10-Month,12/22/2021,12/31/2021,10/15/2026,109.428984,,109.428984,-0.01508,0.00125,,,AE-2026,,Yes
912796U23,Bill,119-Day,12/22/2021,12/28/2021,04/26/2022,99.963639,0.00112,99.963639,,,,,,,
912810TC2,Bond,19-Year 11-Month,12/21/2021,12/31/2021,11/15/2041,100.950671,,100.950671,0.01942,0.02,,,Bonds of November 2041,,Yes
912796F38,Bill,13-Week,12/20/2021,12/23/2021,03/24/2022,99.981042,0.00076,99.981042,,,,,,,
912796R43,Bill,26-Week,12/20/2021,12/23/2021,06/23/2022,99.919111,0.00162,99.919111,,,,,,,
912796M97,Bill,78-Day,12/20/2021,12/22/2021,03/10/2022,99.984833,0.00071,99.984833,,,,,,,
912796K73,Bill,23-Day,12/17/2021,12/21/2021,01/13/2022,99.996806,0.00051,99.996806,,,,,,,
912796Q77,Bill,4-Week,12/16/2021,12/21/2021,01/18/2022,99.997667,0.0003,99.997667,,,,,,,
912796R84,Bill,8-Week,12/16/2021,12/21/2021,02/15/2022,99.992222,0.00051,99.992222,,,,,,,
912796T90,Bill,119-Day,12/15/2021,12/21/2021,04/19/2022,99.970250,0.00091,99.970250,,,,,,,
912796N21,Bill,13-Week,12/13/2021,12/16/2021,03/17/2022,99.986097,0.00056,99.986097,,,,,,,
912796J42,Bill,26-Week,12/13/2021,12/16/2021,06/16/2022,99.934278,0.00132,99.934278,,,,,,,
912810TB4,Bond,29-Year 11-Month,12/09/2021,12/15/2021,11/15/2051,99.543665,,99.543665,0.01895,0.01875,,,Bonds of November 2051,,Yes
912796Q69,Bill,4-Week,12/09/2021,12/14/2021,01/11/2022,99.997667,0.0003,99.997667,,,,,,,
912796R76,Bill,8-Week,12/09/2021,12/14/2021,02/08/2022,99.992222,0.00051,99.992222,,,,,,,
91282CDJ7,Note,9-Year 11-Month,12/08/2021,12/15/2021,11/15/2031,98.687294,,98.687294,0.01518,0.01375,,,F-2031,,Yes
912796T82,Bill,119-Day,12/08/2021,12/14/2021,04/12/2022,99.970250,0.00091,99.970250,,,,,,,
91282CDN8,Note,3-Year,12/07/2021,12/15/2021,12/15/2024,100.000000,,100.000000,0.01,0.01,,,AV-2024,,Yes
912796M97,Bill,13-Week,12/06/2021,12/09/2021,03/10/2022,99.986097,0.00056,99.986097,,,,,,,
912796R35,Bill,26-Week,12/06/2021,12/09/2021,06/09/2022,99.946917,0.00107,99.946917,,,,,,,
912796Q51,Bill,4-Week,12/02/2021,12/07/2021,01/04/2022,99.996889,0.00041,99.996889,,,,,,,
912796Q93,Bill,8-Week,12/02/2021,12/07/2021,02/01/2022,99.993000,0.00046,99.993000,,,,,,,
912810TC2,Bond,19-Year 11-Month,12/02/2021,12/06/2021,11/15/2041,102.121152,,102.121152,0.01872,0.02,,,Bonds of November 2041,,Yes
912796ZX0,Bill,8-Day,12/01/2021,12/07/2021,12/15/2021,99.996444,0.00162,99.996444,,,,,,,
912796T74,Bill,119-Day,12/01/2021,12/07/2021,04/05/2022,99.975208,0.00076,99.975208,,,,,,,
912796J75,Bill,21-Day,11/30/2021,12/02/2021,12/23/2021,99.990667,0.00162,99.990667,,,,,,,
912796P94,Bill,52-Week,11/30/2021,12/02/2021,12/01/2022,99.757333,0.00244,99.757333,,,,,,,
912796L98,Bill,13-Week,11/29/2021,12/02/2021,03/03/2022,99.987361,0.00051,99.987361,,,,,,,
912796Q44,Bill,26-Week,11/29/2021,12/02/2021,06/02/2022,99.954500,0.00091,99.954500,,,,,,,
912796P60,Bill,14-Day,11/24/2021,11/30/2021,12/14/2021,99.997667,0.00061,99.997667,,,,,,,
912796P86,Bill,4-Week,11/24/2021,11/30/2021,12/28/2021,99.990278,0.00127,99.990278,,,,,,,
912796Q85,Bill,8-Week,11/24/2021,11/30/2021,01/25/2022,99.993000,0.00046,99.993000,,,,,,,
912796T25,Bill,119-Day,11/24/2021,11/30/2021,03/29/2022,99.976861,0.00071,99.976861,,,,,,,
91282CDL2,Note,7-Year,11/23/2021,11/30/2021,11/30/2028,99.419180,,99.419180,0.01588,0.015,,,S-2028,,Yes
912796Y94,Bill,35-Day,11/23/2021,11/26/2021,12/31/2021,99.985417,0.00152,99.985417,,,,,,,
91282CDE8,Note,1-Year 11-Month,11/23/2021,11/26/2021,10/31/2023,99.994138,,99.994138,,,,,BJ-2023,0.00035,No
91282CDM0,Note,2-Year,11/22/2021,11/30/2021,11/30/2023,99.755904,,99.755904,0.00623,0.005,,,BK-2023,,Yes
91282CDK4,Note,5-Year,11/22/2021,11/30/2021,11/30/2026,99.667191,,99.667191,0.01319,0.0125,,,AG-2026,,Yes
912796D30,Bill,13-Week,11/22/2021,11/26/2021,02/24/2022,99.987500,0.00051,99.987500,,,,,,,
912796Q36,Bill,26-Week,11/22/2021,11/26/2021,05/26/2022,99.964806,0.00071,99.964806,,,,,,,
91282CCM1,Note,9-Year 8-Month,11/18/2021,11/30/2021,07/15/2031,115.601579,,115.601579,-0.01145,0.00125,,,D-2031,,Yes
912796P78,Bill,4-Week,11/18/2021,11/23/2021,12/21/2021,99.991444,0.00112,99.991444,,,,,,,
912796Q77,Bill,8-Week,11/18/2021,11/23/2021,01/18/2022,99.993000,0.00046,99.993000,,,,,,,
912810TC2,Bond,20-Year,11/17/2021,11/30/2021,11/15/2041,98.940421,,98.940421,0.02065,0.02,,,Bonds of November 2041,,Yes
912796ZX0,Bill,22-Day,11/17/2021,11/23/2021,12/15/2021,99.992056,0.00132,99.992056,,,,,,,
912796S91,Bill,119-Day,11/17/2021,11/23/2021,03/22/2022,99.981819,0.00056,99.981819,,,,,,,
9127965G0,Bill,14-Day,11/16/2021,11/18/2021,12/02/2021,99.997861,0.00056,99.997861,,,,,,,
912796L80,Bill,13-Week,11/15/2021,11/18/2021,02/17/2022,99.988625,0.00046,99.988625,,,,,,,
912796H44,Bill,26-Week,11/15/2021,11/18/2021,05/19/2022,99.967139,0.00066,99.967139,,,,,,,
912796P60,Bill,4-Week,11/10/2021,11/16/2021,12/14/2021,99.996111,0.00051,99.996111,,,,,,,
912796Q69,Bill,8-Week,11/10/2021,11/16/2021,01/11/2022,99.990667,0.00061,99.990667,,,,,,,
912796S83,Bill,119-Day,11/10/2021,11/16/2021,03/15/2022,99.981819,0.00056,99.981819,,,,,,,
912810TB4,Bond,30-Year,11/10/2021,11/15/2021,11/15/2051,98.526943,,98.526943,0.0194,0.01875,,,Bonds of November 2051,,Yes
91282CDJ7,Note,10-Year,11/09/2021,11/15/2021,11/15/2031,99.359650,,99.359650,0.01444,0.01375,,,F-2031,,Yes
91282CDH1,Note,3-Year,11/08/2021,11/15/2021,11/15/2024,100.000000,,100.000000,0.0075,0.0075,,,AU-2024,,Yes
912796L72,Bill,13-Week,11/08/2021,11/12/2021,02/10/2022,99.988750,0.00046,99.988750,,,,,,,
912796Q28,Bill,26-Week,11/08/2021,11/12/2021,05/12/2022,99.967319,0.00066,99.967319,,,,,,,
912796P52,Bill,4-Week,11/04/2021,11/09/2021,12/07/2021,99.996889,0.00041,99.996889,,,,,,,
912796Q51,Bill,8-Week,11/04/2021,11/09/2021,01/04/2022,99.991444,0.00056,99.991444,,,,,,,
912796S75,Bill,119-Day,11/03/2021,11/09/2021,03/08/2022,99.981819,0.00056,99.981819,,,,,,,
912796N96,Bill,52-Week,11/02/2021,11/04/2021,11/03/2022,99.838222,0.00162,99.838222,,,,,,,
912796K99,Bill,13-Week,11/01/2021,11/04/2021,02/03/2022,99.987361,0.00051,99.987361,,,,,,,
912796P45,Bill,26-Week,11/01/2021,11/04/2021,05/05/2022,99.967139,0.00066,99.967139,,,,,,,
912796N88,Bill,4-Week,10/28/2021,11/02/2021,11/30/2021,99.995722,0.00056,99.995722,,,,,,,
912796P86,Bill,8-Week,10/28/2021,11/02/2021,12/28/2021,99.985222,0.00096,99.985222,,,,,,,
91282CDF5,Note,7-Year,10/28/2021,11/01/2021,10/31/2028,99.429922,,99.429922,0.01461,0.01375,,,R-2028,,Yes
912796S26,Bill,119-Day,10/27/2021,11/02/2021,03/01/2022,99.981819,0.00056,99.981819,,,,,,,
91282CDE8,Note,2-Year,10/27/2021,11/01/2021,10/31/2023,100.000000,,100.000000,,,,,BJ-2023,0.00035,No
91282CDG3,Note,5-Year,10/27/2021,11/01/2021,10/31/2026,99.845040,,99.845040,0.01157,0.01125,,,AF-2026,,Yes
91282CDD0,Note,2-Year,10/26/2021,11/01/2021,10/31/2023,99.789555,,99.789555,0.00481,0.00375,,,BH-2023,,Yes
912796ZX0,Bill,48-Day,10/26/2021,10/28/2021,12/15/2021,99.986667,0.00101,99.986667,,,,,,,
912796C31,Bill,13-Week,10/25/2021,10/28/2021,01/27/2022,99.986097,0.00056,99.986097,,,,,,,
912796P37,Bill,26-Week,10/25/2021,10/28/2021,04/28/2022,99.969667,0.00061,99.969667,,,,,,,
91282CDC2,Note,5-Year,10/21/2021,10/29/2021,10/15/2026,109.509314,,109.509314,-0.01685,0.00125,,,AE-2026,,Yes
912796N70,Bill,4-Week,10/21/2021,10/26/2021,11/23/2021,99.996111,0.00051,99.996111,,,,,,,
912796P78,Bill,8-Week,10/21/2021,10/26/2021,12/21/2021,99.984444,0.00101,99.984444,,,,,,,
912810TA6,Bond,19-Year 10-Month,10/20/2021,11/01/2021,08/15/2041,94.354444,,94.354444,0.021,0.0175,,,Bonds of August 2041,,Yes
912796R92,Bill,119-Day,10/20/2021,10/26/2021,02/22/2022,99.981819,0.00056,99.981819,,,,,,,
912796H69,Bill,27-Day,10/20/2021,10/22/2021,11/18/2021,99.995875,0.00056,99.995875,,,,,,,
912796N88,Bill,40-Day,10/19/2021,10/21/2021,11/30/2021,99.993889,0.00056,99.993889,,,,,,,
912796K81,Bill,13-Week,10/18/2021,10/21/2021,01/20/2022,99.986097,0.00056,99.986097,,,,,,,
912796G45,Bill,26-Week,10/18/2021,10/21/2021,04/21/2022,99.969667,0.00061,99.969667,,,,,,,
912796N62,Bill,4-Week,10/14/2021,10/19/2021,11/16/2021,99.997278,0.00035,99.997278,,,,,,,
912796P60,Bill,8-Week,10/14/2021,10/19/2021,12/14/2021,99.987556,0.00081,99.987556,,,,,,,
912796H77,Bill,39-Day,10/14/2021,10/18/2021,11/26/2021,99.994042,0.00056,99.994042,,,,,,,
912796R84,Bill,119-Day,10/13/2021,10/19/2021,02/15/2022,99.983472,0.00051,99.983472,,,,,,,
912810SZ2,Bond,29-Year 10-Month,10/13/2021,10/15/2021,08/15/2051,98.908044,,98.908044,0.02049,0.02,,,Bonds of August 2051,,Yes
91282CDB4,Note,3-Year,10/12/2021,10/15/2021,10/15/2024,99.970331,,99.970331,0.00635,0.00625,,,AT-2024,,Yes
91282CCS8,Note,9-Year 10-Month,10/12/2021,10/15/2021,08/15/2031,96.968273,,96.968273,0.01584,0.0125,,,E-2031,,Yes
912796K73,Bill,13-Week,10/12/2021,10/14/2021,01/13/2022,99.987361,0.00051,99.987361,,,,,,,
912796P29,Bill,26-Week,10/12/2021,10/14/2021,04/14/2022,99.972194,0.00056,99.972194,,,,,,,
912796N54,Bill,4-Week,10/07/2021,10/12/2021,11/09/2021,99.997278,0.00035,99.997278,,,,,,,
912796P52,Bill,8-Week,10/07/2021,10/12/2021,12/07/2021,99.982889,0.00112,99.982889,,,,,,,
912796J67,Bill,64-Day,10/06/2021,10/13/2021,12/16/2021,99.991111,0.00051,99.991111,,,,,,,
912796R76,Bill,119-Day,10/06/2021,10/12/2021,02/08/2022,99.981819,0.00056,99.981819,,,,,,,
912796ZB8,Bill,8-Day,10/05/2021,10/07/2021,10/15/2021,99.996889,0.00142,99.996889,,,,,,,
912796M89,Bill,52-Week,10/05/2021,10/07/2021,10/06/2022,99.909000,0.00091,99.909000,,,,,,,
912796K65,Bill,13-Week,10/04/2021,10/07/2021,01/06/2022,99.989889,0.00041,99.989889,,,,,,,
912796N47,Bill,26-Week,10/04/2021,10/07/2021,04/07/2022,99.972194,0.00056,99.972194,,,,,,,
912796M63,Bill,4-Week,09/30/2021,10/05/2021,11/02/2021,99.996500,0.00046,99.996500,,,,,,,
912796N88,Bill,8-Week,09/30/2021,10/05/2021,11/30/2021,99.993778,0.00041,99.993778,,,,,,,
912796Q93,Bill,119-Day,09/29/2021,10/05/2021,02/01/2022,99.983472,0.00051,99.983472,,,,,,,
91282CCY5,Note,7-Year,09/28/2021,09/30/2021,09/30/2028,99.453681,,99.453681,0.01332,0.0125,,,Q-2028,,Yes
912796A90,Bill,13-Week,09/27/2021,09/30/2021,12/30/2021,99.991153,0.00035,99.991153,,,,,,,
912796N39,Bill,26-Week,09/27/2021,09/30/2021,03/31/2022,99.974722,0.00051,99.974722,,,,,,,
91282CDA6,Note,2-Year,09/27/2021,09/30/2021,09/30/2023,99.880464,,99.880464,0.0031,0.0025,,,BG-2023,,Yes
91282CCZ2,Note,5-Year,09/27/2021,09/30/2021,09/30/2026,99.440349,,99.440349,0.0099,0.00875,,,AD-2026,,Yes
91282CCM1,Note,9-Year 10-Month,09/23/2021,09/30/2021,07/15/2031,112.982468,,112.982468,-0.00939,0.00125,,,D-2031,,Yes
912796M55,Bill,4-Week,09/23/2021,09/28/2021,10/26/2021,99.996111,0.00051,99.996111,,,,,,,
912796N70,Bill,8-Week,09/23/2021,09/28/2021,11/23/2021,99.994556,0.00035,99.994556,,,,,,,
912796Q85,Bill,119-Day,09/22/2021,09/28/2021,01/25/2022,99.988431,0.00035,99.988431,,,,,,,
91282CCQ2,Note,1-Year 10-Month,09/22/2021,09/24/2021,07/31/2023,100.005620,,100.005620,,,,,BE-2023,0.00029,No
912810TA6,Bond,19-Year 11-Month,09/21/2021,09/30/2021,08/15/2041,99.249087,,99.249087,0.01795,0.0175,,,Bonds of August 2041,,Yes
912796J75,Bill,13-Week,09/20/2021,09/23/2021,12/23/2021,99.991153,0.00035,99.991153,,,,,,,
912796F38,Bill,26-Week,09/20/2021,09/23/2021,03/24/2022,99.977250,0.00046,99.977250,,,,,,,
912796M48,Bill,4-Week,09/16/2021,09/21/2021,10/19/2021,99.995722,0.00056,99.995722,,,,,,,
912796N62,Bill,8-Week,09/16/2021,09/21/2021,11/16/2021,99.991444,0.00056,99.991444,,,,,,,
912796Q77,Bill,119-Day,09/15/2021,09/21/2021,01/18/2022,99.985125,0.00046,99.985125,,,,,,,
912796J67,Bill,13-Week,09/13/2021,09/16/2021,12/16/2021,99.989889,0.00041,99.989889,,,,,,,
912796N21,Bill,26-Week,09/13/2021,09/16/2021,03/17/2022,99.974722,0.00051,99.974722,,,,,,,
912810SZ2,Bond,29-Year 11-Month,09/09/2021,09/15/2021,08/15/2051,102.042432,,102.042432,0.0191,0.02,,,Bonds of August 2051,,Yes
912796M30,Bill,4-Week,09/09/2021,09/14/2021,10/12/2021,99.995333,0.00061,99.995333,,,,,,,
912796N54,Bill,8-Week,09/09/2021,09/14/2021,11/09/2021,99.989889,0.00066,99.989889,,,,,,,
91282CCS8,Note,9-Year 11-Month,09/08/2021,09/15/2021,08/15/2031,99.184765,,99.184765,0.01338,0.0125,,,E-2031,,Yes
912796Q69,Bill,119-Day,09/08/2021,09/14/2021,01/11/2022,99.985125,0.00046,99.985125,,,,,,,
91282CCX7,Note,3-Year,09/07/2021,09/15/2021,09/15/2024,99.785680,,99.785680,0.00447,0.00375,,,AS-2024,,Yes
912796F61,Bill,21-Day,09/07/2021,09/09/2021,09/30/2021,99.997083,0.00051,99.997083,,,,,,,